fazenda;talhao;areatal;parcela;fila;arv;fuste;areaparc;hd;dg;dap;ht
1;1;75,87;1;1;1;1;370;30,17;16,07;18,15;29
1;1;75,87;1;1;2;1;370;30,17;16,07;17,85;29,7
1;1;75,87;1;1;3;1;370;30,17;16,07;16,55;28
1;1;75,87;1;1;4;1;370;30,17;16,07;16,05;27,7
1;1;75,87;1;1;5;1;370;30,17;16,07;14,85;26,8
1;1;75,87;1;1;6;1;370;30,17;16,07;17,3;
1;1;75,87;1;1;7;1;370;30,17;16,07;17,5;
1;1;75,87;1;1;8;1;370;30,17;16,07;15,2;
1;1;75,87;1;1;9;1;370;30,17;16,07;0;
1;1;75,87;1;1;10;1;370;30,17;16,07;14,8;
1;1;75,87;1;1;11;1;370;30,17;16,07;18,1;
1;1;75,87;1;1;12;1;370;30,17;16,07;19,15;30
1;1;75,87;1;1;13;1;370;30,17;16,07;13,75;
1;1;75,87;1;1;14;1;370;30,17;16,07;19,55;30,7
1;1;75,87;1;1;15;1;370;30,17;16,07;8,05;
1;1;75,87;1;1;16;1;370;30,17;16,07;13,15;
1;1;75,87;1;1;17;1;370;30,17;16,07;15,6;
1;1;75,87;1;1;18;1;370;30,17;16,07;18,75;
1;1;75,87;1;1;19;1;370;30,17;16,07;16,3;
1;1;75,87;1;1;20;1;370;30,17;16,07;11;
1;1;75,87;1;1;21;1;370;30,17;16,07;19,2;29,8
1;1;75,87;1;1;22;1;370;30,17;16,07;16,9;
1;1;75,87;1;1;23;1;370;30,17;16,07;15,8;
1;1;75,87;1;1;24;1;370;30,17;16,07;15,4;
1;1;75,87;1;1;25;1;370;30,17;16,07;19,05;
1;1;75,87;1;1;26;1;370;30,17;16,07;17,15;
1;1;75,87;1;1;27;1;370;30,17;16,07;16,55;
1;1;75,87;1;1;28;1;370;30,17;16,07;11,9;
1;1;75,87;1;1;29;1;370;30,17;16,07;17;
1;1;75,87;1;1;30;1;370;30,17;16,07;14,05;
1;1;75,87;1;1;31;1;370;30,17;16,07;16,65;
1;1;75,87;1;1;32;1;370;30,17;16,07;14,8;
1;1;75,87;1;1;33;1;370;30,17;16,07;13,45;
1;1;75,87;1;1;34;1;370;30,17;16,07;15,15;
1;1;75,87;1;1;35;1;370;30,17;16,07;17,95;
1;1;75,87;1;1;36;1;370;30,17;16,07;17,9;
1;1;75,87;1;1;37;1;370;30,17;16,07;13,7;
1;1;75,87;1;1;38;1;370;30,17;16,07;17,65;
1;1;75,87;1;1;39;1;370;30,17;16,07;13,85;
1;1;75,87;1;1;40;1;370;30,17;16,07;17,25;
1;1;75,87;1;1;41;1;370;30,17;16,07;15,5;
1;1;75,87;1;1;42;1;370;30,17;16,07;16,5;
1;1;75,87;1;1;43;1;370;30,17;16,07;17,8;
1;1;75,87;1;1;44;1;370;30,17;16,07;12,9;
1;1;75,87;1;1;45;1;370;30,17;16,07;16;
1;1;75,87;1;1;46;1;370;30,17;16,07;18,55;
1;1;75,87;1;1;47;1;370;30,17;16,07;12,75;
1;1;75,87;1;1;48;1;370;30,17;16,07;15,9;
1;1;75,87;1;1;49;1;370;30,17;16,07;16,15;
1;1;75,87;1;1;50;1;370;30,17;16,07;14,4;
1;1;75,87;2;1;1;1;370;29,67;16,38;18,65;28,1
1;1;75,87;2;1;2;1;370;29,67;16,38;14,15;26,4
1;1;75,87;2;1;3;1;370;29,67;16,38;16,75;27,6
1;1;75,87;2;1;4;1;370;29,67;16,38;16,65;28,1
1;1;75,87;2;1;5;1;370;29,67;16,38;16,45;27,6
1;1;75,87;2;1;6;1;370;29,67;16,38;17,05;
1;1;75,87;2;1;7;1;370;29,67;16,38;12,6;
1;1;75,87;2;1;8;1;370;29,67;16,38;14;
1;1;75,87;2;1;9;1;370;29,67;16,38;12,85;
1;1;75,87;2;1;10;1;370;29,67;16,38;17,15;
1;1;75,87;2;1;11;1;370;29,67;16,38;18,1;
1;1;75,87;2;1;12;1;370;29,67;16,38;17,35;
1;1;75,87;2;1;13;1;370;29,67;16,38;18,4;
1;1;75,87;2;1;14;1;370;29,67;16,38;16,5;
1;1;75,87;2;1;15;1;370;29,67;16,38;16,9;
1;1;75,87;2;1;16;1;370;29,67;16,38;13,8;
1;1;75,87;2;1;17;1;370;29,67;16,38;18,05;
1;1;75,87;2;1;18;1;370;29,67;16,38;11,8;
1;1;75,87;2;1;19;1;370;29,67;16,38;16;
1;1;75,87;2;1;20;1;370;29,67;16,38;17,65;
1;1;75,87;2;1;21;1;370;29,67;16,38;19,3;
1;1;75,87;2;1;22;1;370;29,67;16,38;18,75;
1;1;75,87;2;1;23;1;370;29,67;16,38;13,35;
1;1;75,87;2;1;24;1;370;29,67;16,38;13,35;
1;1;75,87;2;1;25;1;370;29,67;16,38;16,25;
1;1;75,87;2;1;26;1;370;29,67;16,38;15,05;
1;1;75,87;2;1;27;1;370;29,67;16,38;0;
1;1;75,87;2;1;28;1;370;29,67;16,38;18,25;
1;1;75,87;2;1;29;1;370;29,67;16,38;16,75;
1;1;75,87;2;1;30;1;370;29,67;16,38;13,8;
1;1;75,87;2;1;31;1;370;29,67;16,38;19,3;
1;1;75,87;2;1;32;1;370;29,67;16,38;10;
1;1;75,87;2;1;33;1;370;29,67;16,38;19,3;
1;1;75,87;2;1;34;1;370;29,67;16,38;16,95;
1;1;75,87;2;1;35;1;370;29,67;16,38;10,65;
1;1;75,87;2;1;36;1;370;29,67;16,38;22,5;30
1;1;75,87;2;1;37;1;370;29,67;16,38;12,95;
1;1;75,87;2;1;38;1;370;29,67;16,38;20;29,4
1;1;75,87;2;1;39;1;370;29,67;16,38;8,8;
1;1;75,87;2;1;40;1;370;29,67;16,38;19;
1;1;75,87;2;1;41;1;370;29,67;16,38;13,95;
1;1;75,87;2;1;42;1;370;29,67;16,38;19,35;
1;1;75,87;2;1;43;1;370;29,67;16,38;10,45;
1;1;75,87;2;1;44;1;370;29,67;16,38;13,4;
1;1;75,87;2;1;45;1;370;29,67;16,38;18;
1;1;75,87;2;1;46;1;370;29,67;16,38;16,4;
1;1;75,87;2;1;47;1;370;29,67;16,38;16,35;
1;1;75,87;2;1;48;1;370;29,67;16,38;18,2;
1;1;75,87;2;1;49;1;370;29,67;16,38;20,4;29,6
1;1;75,87;2;1;50;1;370;29,67;16,38;17,9;
1;1;75,87;3;1;1;1;370;29,57;16,55;16,85;26,8
1;1;75,87;3;1;2;1;370;29,57;16,55;0;
1;1;75,87;3;1;3;1;370;29,57;16,55;19,95;29,1
1;1;75,87;3;1;4;1;370;29,57;16,55;17,25;27,2
1;1;75,87;3;1;5;1;370;29,57;16,55;18,4;28,4
1;1;75,87;3;1;6;1;370;29,57;16,55;0;
1;1;75,87;3;1;7;1;370;29,57;16,55;19,45;29
1;1;75,87;3;1;8;1;370;29,57;16,55;19,5;
1;1;75,87;3;1;9;1;370;29,57;16,55;15,6;
1;1;75,87;3;1;10;1;370;29,57;16,55;20,05;29,1
1;1;75,87;3;1;11;1;370;29,57;16,55;0;
1;1;75,87;3;1;12;1;370;29,57;16,55;0;
1;1;75,87;3;1;13;1;370;29,57;16,55;15,85;
1;1;75,87;3;1;14;1;370;29,57;16,55;17,9;
1;1;75,87;3;1;15;1;370;29,57;16,55;14,1;
1;1;75,87;3;1;16;1;370;29,57;16,55;17,95;
1;1;75,87;3;1;17;1;370;29,57;16,55;15,55;
1;1;75,87;3;1;18;1;370;29,57;16,55;15,95;
1;1;75,87;3;1;19;1;370;29,57;16,55;18,4;
1;1;75,87;3;1;20;1;370;29,57;16,55;16,6;
1;1;75,87;3;1;21;1;370;29,57;16,55;12,25;
1;1;75,87;3;1;22;1;370;29,57;16,55;15;
1;1;75,87;3;1;23;1;370;29,57;16,55;0;
1;1;75,87;3;1;24;1;370;29,57;16,55;17,85;
1;1;75,87;3;1;25;1;370;29,57;16,55;13,9;
1;1;75,87;3;1;26;1;370;29,57;16,55;0;
1;1;75,87;3;1;27;1;370;29,57;16,55;18,9;
1;1;75,87;3;1;28;1;370;29,57;16,55;15,1;
1;1;75,87;3;1;29;1;370;29,57;16,55;18,6;
1;1;75,87;3;1;30;1;370;29,57;16,55;17,5;
1;1;75,87;3;1;31;1;370;29,57;16,55;6,5;
1;1;75,87;3;1;32;1;370;29,57;16,55;17,65;
1;1;75,87;3;1;33;1;370;29,57;16,55;15,7;
1;1;75,87;3;1;34;1;370;29,57;16,55;16,9;
1;1;75,87;3;1;35;1;370;29,57;16,55;17,05;
1;1;75,87;3;1;36;1;370;29,57;16,55;17,45;
1;1;75,87;3;1;37;1;370;29,57;16,55;13,8;
1;1;75,87;3;1;38;1;370;29,57;16,55;13,9;
1;1;75,87;3;1;39;1;370;29,57;16,55;17,05;
1;1;75,87;3;1;40;1;370;29,57;16,55;0;
1;1;75,87;3;1;41;1;370;29,57;16,55;0;
1;1;75,87;3;1;42;1;370;29,57;16,55;9,5;
1;1;75,87;3;1;43;1;370;29,57;16,55;12,35;
1;1;75,87;3;1;44;1;370;29,57;16,55;16,85;
1;1;75,87;3;1;45;1;370;29,57;16,55;20,1;30
1;1;75,87;3;1;46;1;370;29,57;16,55;14,3;
1;1;75,87;3;1;47;1;370;29,57;16,55;20,35;29,6
1;1;75,87;3;1;48;1;370;29,57;16,55;18,7;
1;1;75,87;3;1;49;1;370;29,57;16,55;15,8;
1;1;75,87;3;1;50;1;370;29,57;16,55;12,95;
1;1;75,87;3;1;51;1;370;29,57;16,55;16,1;
1;1;75,87;4;1;1;1;370;30,2;15,07;17,45;30
1;1;75,87;4;1;2;1;370;30,2;15,07;13,25;27,2
1;1;75,87;4;1;3;1;370;30,2;15,07;18,1;29,8
1;1;75,87;4;1;4;1;370;30,2;15,07;11,15;18,2
1;1;75,87;4;1;5;1;370;30,2;15,07;16,7;30,3
1;1;75,87;4;1;6;1;370;30,2;15,07;11,5;
1;1;75,87;4;1;7;1;370;30,2;15,07;18,35;30,4
1;1;75,87;4;1;8;1;370;30,2;15,07;17,5;
1;1;75,87;4;1;9;1;370;30,2;15,07;12,75;
1;1;75,87;4;1;10;1;370;30,2;15,07;15;
1;1;75,87;4;1;11;1;370;30,2;15,07;13;
1;1;75,87;4;1;12;1;370;30,2;15,07;15,95;
1;1;75,87;4;1;13;1;370;30,2;15,07;17,85;
1;1;75,87;4;1;14;1;370;30,2;15,07;10,15;
1;1;75,87;4;1;15;1;370;30,2;15,07;19,25;30,4
1;1;75,87;4;1;16;1;370;30,2;15,07;17,6;
1;1;75,87;4;1;17;1;370;30,2;15,07;15;
1;1;75,87;4;1;18;1;370;30,2;15,07;15,9;
1;1;75,87;4;1;19;1;370;30,2;15,07;17,65;
1;1;75,87;4;1;20;1;370;30,2;15,07;17,85;
1;1;75,87;4;1;21;1;370;30,2;15,07;15,55;
1;1;75,87;4;1;22;1;370;30,2;15,07;14,8;
1;1;75,87;4;1;23;1;370;30,2;15,07;9,05;
1;1;75,87;4;1;24;1;370;30,2;15,07;15,7;
1;1;75,87;4;1;25;1;370;30,2;15,07;17,25;
1;1;75,87;4;1;26;1;370;30,2;15,07;10,4;
1;1;75,87;4;1;27;1;370;30,2;15,07;16,35;
1;1;75,87;4;1;28;1;370;30,2;15,07;16,65;
1;1;75,87;4;1;29;1;370;30,2;15,07;17,3;
1;1;75,87;4;1;30;1;370;30,2;15,07;14,25;
1;1;75,87;4;1;31;1;370;30,2;15,07;16,25;
1;1;75,87;4;1;32;1;370;30,2;15,07;9;
1;1;75,87;4;1;32;2;370;30,2;15,07;9,35;
1;1;75,87;4;1;33;1;370;30,2;15,07;13,4;
1;1;75,87;4;1;34;1;370;30,2;15,07;17,15;
1;1;75,87;4;1;35;1;370;30,2;15,07;14,8;
1;1;75,87;4;1;36;1;370;30,2;15,07;16,15;
1;1;75,87;4;1;37;1;370;30,2;15,07;14,9;
1;1;75,87;4;1;38;1;370;30,2;15,07;15,25;
1;1;75,87;4;1;39;1;370;30,2;15,07;13,35;
1;1;75,87;4;1;40;1;370;30,2;15,07;16,85;
1;1;75,87;4;1;41;1;370;30,2;15,07;16,75;
1;1;75,87;4;1;42;1;370;30,2;15,07;15,2;
1;1;75,87;4;1;43;1;370;30,2;15,07;12,8;
1;1;75,87;4;1;44;1;370;30,2;15,07;16;
1;1;75,87;4;1;45;1;370;30,2;15,07;16,15;
1;1;75,87;4;1;46;1;370;30,2;15,07;12,15;
1;1;75,87;4;1;47;1;370;30,2;15,07;7,25;
1;1;75,87;4;1;48;1;370;30,2;15,07;15,6;
1;1;75,87;4;1;49;1;370;30,2;15,07;15,75;
1;1;75,87;4;1;50;1;370;30,2;15,07;12,35;
1;1;75,87;5;1;1;1;370;29,93;15,59;14,5;27,5
1;1;75,87;5;1;2;1;370;29,93;15,59;15,65;28
1;1;75,87;5;1;3;1;370;29,93;15,59;15;26,3
1;1;75,87;5;1;4;1;370;29,93;15,59;17,45;28,2
1;1;75,87;5;1;5;1;370;29,93;15,59;13,35;24,9
1;1;75,87;5;1;6;1;370;29,93;15,59;16,75;
1;1;75,87;5;1;7;1;370;29,93;15,59;12,75;
1;1;75,87;5;1;8;1;370;29,93;15,59;13,3;
1;1;75,87;5;1;9;1;370;29,93;15,59;14;
1;1;75,87;5;1;10;1;370;29,93;15,59;13,35;
1;1;75,87;5;1;11;1;370;29,93;15,59;18,35;
1;1;75,87;5;1;12;1;370;29,93;15,59;19,05;29
1;1;75,87;5;1;13;1;370;29,93;15,59;18;
1;1;75,87;5;1;14;1;370;29,93;15,59;16,55;
1;1;75,87;5;1;15;1;370;29,93;15,59;0;
1;1;75,87;5;1;16;1;370;29,93;15,59;19,6;30,8
1;1;75,87;5;1;17;1;370;29,93;15,59;15,35;
1;1;75,87;5;1;18;1;370;29,93;15,59;15,8;
1;1;75,87;5;1;19;1;370;29,93;15,59;17,5;
1;1;75,87;5;1;20;1;370;29,93;15,59;12,55;
1;1;75,87;5;1;21;1;370;29,93;15,59;15,45;
1;1;75,87;5;1;22;1;370;29,93;15,59;11,55;
1;1;75,87;5;1;23;1;370;29,93;15,59;17,1;
1;1;75,87;5;1;24;1;370;29,93;15,59;14,2;
1;1;75,87;5;1;25;1;370;29,93;15,59;14,4;
1;1;75,87;5;1;26;1;370;29,93;15,59;13;
1;1;75,87;5;1;27;1;370;29,93;15,59;15;
1;1;75,87;5;1;28;1;370;29,93;15,59;16,8;
1;1;75,87;5;1;29;1;370;29,93;15,59;18,3;
1;1;75,87;5;1;30;1;370;29,93;15,59;15;
1;1;75,87;5;1;31;1;370;29,93;15,59;13;
1;1;75,87;5;1;32;1;370;29,93;15,59;16,35;
1;1;75,87;5;1;33;1;370;29,93;15,59;11,05;
1;1;75,87;5;1;34;1;370;29,93;15,59;14,8;
1;1;75,87;5;1;35;1;370;29,93;15,59;13,45;
1;1;75,87;5;1;36;1;370;29,93;15,59;15;
1;1;75,87;5;1;37;1;370;29,93;15,59;13,75;
1;1;75,87;5;1;38;1;370;29,93;15,59;18,1;
1;1;75,87;5;1;39;1;370;29,93;15,59;11,3;
1;1;75,87;5;1;40;1;370;29,93;15,59;11,5;
1;1;75,87;5;1;41;1;370;29,93;15,59;13,7;
1;1;75,87;5;1;42;1;370;29,93;15,59;19,3;30
1;1;75,87;5;1;43;1;370;29,93;15,59;16,8;
1;1;75,87;5;1;44;1;370;29,93;15,59;18,95;
1;1;75,87;5;1;45;1;370;29,93;15,59;18,05;
1;1;75,87;5;1;46;1;370;29,93;15,59;17,15;
1;1;75,87;5;1;47;1;370;29,93;15,59;17,7;
1;1;75,87;5;1;48;1;370;29,93;15,59;15,2;
1;1;75,87;5;1;49;1;370;29,93;15,59;14,55;
1;1;75,87;5;1;50;1;370;29,93;15,59;16,45;
1;1;75,87;6;1;1;1;370;29,9;15,96;13,4;26,5
1;1;75,87;6;1;2;1;370;29,9;15,96;11,25;23,1
1;1;75,87;6;1;3;1;370;29,9;15,96;17,6;28,2
1;1;75,87;6;1;4;1;370;29,9;15,96;17,6;28,9
1;1;75,87;6;1;5;1;370;29,9;15,96;14,4;25
1;1;75,87;6;1;6;1;370;29,9;15,96;15,95;
1;1;75,87;6;1;7;1;370;29,9;15,96;17,1;
1;1;75,87;6;1;8;1;370;29,9;15,96;17,35;
1;1;75,87;6;1;9;1;370;29,9;15,96;17,55;
1;1;75,87;6;1;10;1;370;29,9;15,96;19,7;
1;1;75,87;6;1;11;1;370;29,9;15,96;18,4;
1;1;75,87;6;1;12;1;370;29,9;15,96;13,9;
1;1;75,87;6;1;13;1;370;29,9;15,96;16,85;
1;1;75,87;6;1;14;1;370;29,9;15,96;17,6;
1;1;75,87;6;1;15;1;370;29,9;15,96;20,95;31
1;1;75,87;6;1;16;1;370;29,9;15,96;10,05;
1;1;75,87;6;1;17;1;370;29,9;15,96;16,15;
1;1;75,87;6;1;18;1;370;29,9;15,96;15,4;
1;1;75,87;6;1;19;1;370;29,9;15,96;15,85;
1;1;75,87;6;1;20;1;370;29,9;15,96;15,9;
1;1;75,87;6;1;21;1;370;29,9;15,96;17,1;
1;1;75,87;6;1;22;1;370;29,9;15,96;9,65;
1;1;75,87;6;1;23;1;370;29,9;15,96;14,55;
1;1;75,87;6;1;24;1;370;29,9;15,96;15,9;
1;1;75,87;6;1;25;1;370;29,9;15,96;12,65;
1;1;75,87;6;1;26;1;370;29,9;15,96;11,4;
1;1;75,87;6;1;27;1;370;29,9;15,96;13,7;
1;1;75,87;6;1;28;1;370;29,9;15,96;13,45;
1;1;75,87;6;1;29;1;370;29,9;15,96;10,25;
1;1;75,87;6;1;30;1;370;29,9;15,96;14,5;
1;1;75,87;6;1;31;1;370;29,9;15,96;13,65;
1;1;75,87;6;1;32;1;370;29,9;15,96;20;
1;1;75,87;6;1;33;1;370;29,9;15,96;19,75;
1;1;75,87;6;1;34;1;370;29,9;15,96;18,05;
1;1;75,87;6;1;35;1;370;29,9;15,96;16,15;
1;1;75,87;6;1;36;1;370;29,9;15,96;11,55;
1;1;75,87;6;1;37;1;370;29,9;15,96;13,35;
1;1;75,87;6;1;38;1;370;29,9;15,96;16,05;
1;1;75,87;6;1;39;1;370;29,9;15,96;14,1;
1;1;75,87;6;1;40;1;370;29,9;15,96;18;
1;1;75,87;6;1;41;1;370;29,9;15,96;16,2;
1;1;75,87;6;1;42;1;370;29,9;15,96;15;
1;1;75,87;6;1;43;1;370;29,9;15,96;15,9;
1;1;75,87;6;1;44;1;370;29,9;15,96;16,9;
1;1;75,87;6;1;45;1;370;29,9;15,96;16,3;
1;1;75,87;6;1;46;1;370;29,9;15,96;16,95;
1;1;75,87;6;1;47;1;370;29,9;15,96;20;29,7
1;1;75,87;6;1;48;1;370;29,9;15,96;0;
1;1;75,87;6;1;49;1;370;29,9;15,96;20,95;29
1;1;75,87;6;1;50;1;370;29,9;15,96;0;
1;1;75,87;6;1;51;1;370;29,9;15,96;15,6;
1;1;75,87;7;1;1;1;370;28,73;15,06;13,05;25,6
1;1;75,87;7;1;2;1;370;28,73;15,06;14,2;27,1
1;1;75,87;7;1;3;1;370;28,73;15,06;15,15;26,9
1;1;75,87;7;1;4;1;370;28,73;15,06;11,4;23,5
1;1;75,87;7;1;5;1;370;28,73;15,06;15,5;27
1;1;75,87;7;1;6;1;370;28,73;15,06;15;
1;1;75,87;7;1;7;1;370;28,73;15,06;12,75;
1;1;75,87;7;1;8;1;370;28,73;15,06;14,75;
1;1;75,87;7;1;9;1;370;28,73;15,06;16,15;
1;1;75,87;7;1;10;1;370;28,73;15,06;7,65;
1;1;75,87;7;1;11;1;370;28,73;15,06;11,75;
1;1;75,87;7;1;12;1;370;28,73;15,06;14,85;
1;1;75,87;7;1;13;1;370;28,73;15,06;10,85;
1;1;75,87;7;1;14;1;370;28,73;15,06;14,75;
1;1;75,87;7;1;15;1;370;28,73;15,06;16,4;
1;1;75,87;7;1;16;1;370;28,73;15,06;6,95;
1;1;75,87;7;1;17;1;370;28,73;15,06;13,75;
1;1;75,87;7;1;18;1;370;28,73;15,06;13,45;
1;1;75,87;7;1;19;1;370;28,73;15,06;13,1;
1;1;75,87;7;1;20;1;370;28,73;15,06;15,3;
1;1;75,87;7;1;21;1;370;28,73;15,06;15;
1;1;75,87;7;1;22;1;370;28,73;15,06;15,8;
1;1;75,87;7;1;23;1;370;28,73;15,06;17,15;
1;1;75,87;7;1;24;1;370;28,73;15,06;11,85;
1;1;75,87;7;1;25;1;370;28,73;15,06;14,85;
1;1;75,87;7;1;26;1;370;28,73;15,06;16,4;
1;1;75,87;7;1;27;1;370;28,73;15,06;16,85;
1;1;75,87;7;1;28;1;370;28,73;15,06;15,9;
1;1;75,87;7;1;29;1;370;28,73;15,06;16;
1;1;75,87;7;1;30;1;370;28,73;15,06;17,6;
1;1;75,87;7;1;31;1;370;28,73;15,06;16;
1;1;75,87;7;1;32;1;370;28,73;15,06;0;
1;1;75,87;7;1;33;1;370;28,73;15,06;17,75;28,1
1;1;75,87;7;1;34;1;370;28,73;15,06;17,7;29
1;1;75,87;7;1;35;1;370;28,73;15,06;16,05;
1;1;75,87;7;1;36;1;370;28,73;15,06;13,7;
1;1;75,87;7;1;37;1;370;28,73;15,06;16,8;
1;1;75,87;7;1;38;1;370;28,73;15,06;17,6;
1;1;75,87;7;1;39;1;370;28,73;15,06;17,55;
1;1;75,87;7;1;40;1;370;28,73;15,06;13,8;
1;1;75,87;7;1;41;1;370;28,73;15,06;16;
1;1;75,87;7;1;42;1;370;28,73;15,06;17,65;28,9
1;1;75,87;7;1;43;1;370;28,73;15,06;13,65;
1;1;75,87;7;1;44;1;370;28,73;15,06;14,8;
1;1;75,87;7;1;45;1;370;28,73;15,06;15,7;
1;1;75,87;7;1;46;1;370;28,73;15,06;17,5;
1;1;75,87;7;1;47;1;370;28,73;15,06;17,55;28,9
1;1;75,87;7;1;48;1;370;28,73;15,06;15,1;
1;1;75,87;8;1;1;1;370;28,77;15,55;16,4;27,3
1;1;75,87;8;1;2;1;370;28,77;15,55;15,2;26,5
1;1;75,87;8;1;3;1;370;28,77;15,55;17,65;27,2
1;1;75,87;8;1;4;1;370;28,77;15,55;13,8;24,4
1;1;75,87;8;1;5;1;370;28,77;15,55;18,6;28
1;1;75,87;8;1;6;1;370;28,77;15,55;15,85;
1;1;75,87;8;1;7;1;370;28,77;15,55;18,55;28,5
1;1;75,87;8;1;8;1;370;28,77;15,55;18,9;29,8
1;1;75,87;8;1;9;1;370;28,77;15,55;14,25;
1;1;75,87;8;1;10;1;370;28,77;15,55;13,7;
1;1;75,87;8;1;11;1;370;28,77;15,55;12,75;
1;1;75,87;8;1;12;1;370;28,77;15,55;17,2;
1;1;75,87;8;1;13;1;370;28,77;15,55;17;
1;1;75,87;8;1;14;1;370;28,77;15,55;15,15;
1;1;75,87;8;1;15;1;370;28,77;15,55;10,25;
1;1;75,87;8;1;16;1;370;28,77;15,55;17,55;
1;1;75,87;8;1;17;1;370;28,77;15,55;15,95;
1;1;75,87;8;1;18;1;370;28,77;15,55;12,9;
1;1;75,87;8;1;19;1;370;28,77;15,55;15,2;
1;1;75,87;8;1;20;1;370;28,77;15,55;15;
1;1;75,87;8;1;21;1;370;28,77;15,55;17,75;
1;1;75,87;8;1;22;1;370;28,77;15,55;18,05;
1;1;75,87;8;1;23;1;370;28,77;15,55;12,75;
1;1;75,87;8;1;24;1;370;28,77;15,55;16,25;
1;1;75,87;8;1;25;1;370;28,77;15,55;16,95;
1;1;75,87;8;1;26;1;370;28,77;15,55;17,35;
1;1;75,87;8;1;27;1;370;28,77;15,55;14,05;
1;1;75,87;8;1;28;1;370;28,77;15,55;16,65;
1;1;75,87;8;1;29;1;370;28,77;15,55;18,35;
1;1;75,87;8;1;30;1;370;28,77;15,55;15,85;
1;1;75,87;8;1;31;1;370;28,77;15,55;16,9;
1;1;75,87;8;1;32;1;370;28,77;15,55;14,35;
1;1;75,87;8;1;33;1;370;28,77;15,55;14,65;
1;1;75,87;8;1;34;1;370;28,77;15,55;15;
1;1;75,87;8;1;35;1;370;28,77;15,55;16,9;
1;1;75,87;8;1;36;1;370;28,77;15,55;14,4;
1;1;75,87;8;1;37;1;370;28,77;15,55;11,6;
1;1;75,87;8;1;38;1;370;28,77;15,55;12,15;
1;1;75,87;8;1;39;1;370;28,77;15,55;15,35;
1;1;75,87;8;1;40;1;370;28,77;15,55;16,8;
1;1;75,87;8;1;41;1;370;28,77;15,55;13,8;
1;1;75,87;8;1;42;1;370;28,77;15,55;11,35;
1;1;75,87;8;1;43;1;370;28,77;15,55;14,85;
1;1;75,87;8;1;44;1;370;28,77;15,55;15,85;
1;1;75,87;8;1;45;1;370;28,77;15,55;16,7;
1;1;75,87;8;1;46;1;370;28,77;15,55;17,6;
1;1;75,87;8;1;47;1;370;28,77;15,55;16,9;
1;1;75,87;8;1;48;1;370;28,77;15,55;17,1;
1;1;75,87;8;1;49;1;370;28,77;15,55;10,55;
1;1;75,87;8;1;50;1;370;28,77;15,55;13,3;
1;1;75,87;8;1;51;1;370;28,77;15,55;13,7;
1;2;31,58;35;1;1;1;370;28,5;15,65;16,3;27,6
1;2;31,58;35;1;2;1;370;28,5;15,65;17,4;28,5
1;2;31,58;35;1;3;1;370;28,5;15,65;12;23,9
1;2;31,58;35;1;4;1;370;28,5;15,65;18,85;28,4
1;2;31,58;35;1;5;1;370;28,5;15,65;14,7;26,1
1;2;31,58;35;1;6;1;370;28,5;15,65;14,4;
1;2;31,58;35;1;7;1;370;28,5;15,65;12,45;
1;2;31,58;35;1;8;1;370;28,5;15,65;18,45;28,4
1;2;31,58;35;1;9;1;370;28,5;15,65;14,7;
1;2;31,58;35;1;10;1;370;28,5;15,65;17,95;
1;2;31,58;35;1;11;1;370;28,5;15,65;17,1;
1;2;31,58;35;1;12;1;370;28,5;15,65;9,7;
1;2;31,58;35;1;13;1;370;28,5;15,65;15,85;
1;2;31,58;35;1;14;1;370;28,5;15,65;18,55;28,7
1;2;31,58;35;1;15;1;370;28,5;15,65;17,35;
1;2;31,58;35;1;16;1;370;28,5;15,65;16,5;
1;2;31,58;35;1;17;1;370;28,5;15,65;14,25;
1;2;31,58;35;1;18;1;370;28,5;15,65;14,75;
1;2;31,58;35;1;19;1;370;28,5;15,65;15,75;
1;2;31,58;35;1;20;1;370;28,5;15,65;18,05;
1;2;31,58;35;1;21;1;370;28,5;15,65;11,8;
1;2;31,58;35;1;22;1;370;28,5;15,65;15,75;
1;2;31,58;35;1;23;1;370;28,5;15,65;15,65;
1;2;31,58;35;1;24;1;370;28,5;15,65;14,6;
1;2;31,58;35;1;25;1;370;28,5;15,65;15,8;
1;2;31,58;35;1;26;1;370;28,5;15,65;15,6;
1;2;31,58;35;1;27;1;370;28,5;15,65;17,35;
1;2;31,58;35;1;28;1;370;28,5;15,65;14,1;
1;2;31,58;35;1;29;1;370;28,5;15,65;15,85;
1;2;31,58;35;1;30;1;370;28,5;15,65;16,6;
1;2;31,58;35;1;31;1;370;28,5;15,65;11,6;
1;2;31,58;35;1;32;1;370;28,5;15,65;13,35;
1;2;31,58;35;1;33;1;370;28,5;15,65;16,9;
1;2;31,58;35;1;34;1;370;28,5;15,65;16,05;
1;2;31,58;35;1;35;1;370;28,5;15,65;15;
1;2;31,58;35;1;36;1;370;28,5;15,65;14,25;
1;2;31,58;35;1;37;1;370;28,5;15,65;15,35;
1;2;31,58;35;1;38;1;370;28,5;15,65;14,2;
1;2;31,58;35;1;39;1;370;28,5;15,65;13,8;
1;2;31,58;35;1;40;1;370;28,5;15,65;9,5;
1;2;31,58;35;1;41;1;370;28,5;15,65;17;
1;2;31,58;35;1;42;1;370;28,5;15,65;15,9;
1;2;31,58;35;1;43;1;370;28,5;15,65;15,3;
1;2;31,58;35;1;44;1;370;28,5;15,65;18,3;
1;2;31,58;35;1;45;1;370;28,5;15,65;16,55;
1;2;31,58;35;1;46;1;370;28,5;15,65;16,2;
1;2;31,58;35;1;47;1;370;28,5;15,65;17,2;
1;2;31,58;35;1;48;1;370;28,5;15,65;16,45;
1;2;31,58;35;1;49;1;370;28,5;15,65;14,4;
1;2;31,58;35;1;50;1;370;28,5;15,65;17,25;
1;2;31,58;35;1;51;1;370;28,5;15,65;18,1;
1;2;31,58;36;1;1;1;370;26,5;15,23;14,4;25,9
1;2;31,58;36;1;2;1;370;26,5;15,23;15,7;25,2
1;2;31,58;36;1;3;1;370;26,5;15,23;15,05;24,5
1;2;31,58;36;1;4;1;370;26,5;15,23;15,25;25,6
1;2;31,58;36;1;5;1;370;26,5;15,23;13,85;25
1;2;31,58;36;1;6;1;370;26,5;15,23;15,15;
1;2;31,58;36;1;7;1;370;26,5;15,23;15,85;
1;2;31,58;36;1;8;1;370;26,5;15,23;11,35;
1;2;31,58;36;1;9;1;370;26,5;15,23;16,2;
1;2;31,58;36;1;10;1;370;26,5;15,23;16,25;
1;2;31,58;36;1;11;1;370;26,5;15,23;16,25;
1;2;31,58;36;1;12;1;370;26,5;15,23;15,1;
1;2;31,58;36;1;13;1;370;26,5;15,23;15;
1;2;31,58;36;1;14;1;370;26,5;15,23;15,95;
1;2;31,58;36;1;15;1;370;26,5;15,23;15,45;
1;2;31,58;36;1;16;1;370;26,5;15,23;15,1;
1;2;31,58;36;1;17;1;370;26,5;15,23;14,7;
1;2;31,58;36;1;18;1;370;26,5;15,23;15,85;
1;2;31,58;36;1;19;1;370;26,5;15,23;13,95;
1;2;31,58;36;1;20;1;370;26,5;15,23;14,85;
1;2;31,58;36;1;21;1;370;26,5;15,23;14,3;
1;2;31,58;36;1;22;1;370;26,5;15,23;14,2;
1;2;31,58;36;1;23;1;370;26,5;15,23;14,6;
1;2;31,58;36;1;24;1;370;26,5;15,23;13,45;
1;2;31,58;36;1;25;1;370;26,5;15,23;15,1;
1;2;31,58;36;1;26;1;370;26,5;15,23;14,85;
1;2;31,58;36;1;27;1;370;26,5;15,23;15,8;
1;2;31,58;36;1;28;1;370;26,5;15,23;14,8;
1;2;31,58;36;1;29;1;370;26,5;15,23;14,9;
1;2;31,58;36;1;30;1;370;26,5;15,23;11,55;
1;2;31,58;36;1;31;1;370;26,5;15,23;15,9;
1;2;31,58;36;1;32;1;370;26,5;15,23;13,8;
1;2;31,58;36;1;33;1;370;26,5;15,23;17,3;26,5
1;2;31,58;36;1;34;1;370;26,5;15,23;16,1;
1;2;31,58;36;1;35;1;370;26,5;15,23;0;
1;2;31,58;36;1;36;1;370;26,5;15,23;18,55;27
1;2;31,58;36;1;37;1;370;26,5;15,23;16,25;
1;2;31,58;36;1;38;1;370;26,5;15,23;14,6;
1;2;31,58;36;1;39;1;370;26,5;15,23;15,6;
1;2;31,58;36;1;40;1;370;26,5;15,23;16,15;
1;2;31,58;36;1;41;1;370;26,5;15,23;16,25;
1;2;31,58;36;1;42;1;370;26,5;15,23;13,8;
1;2;31,58;36;1;43;1;370;26,5;15,23;14,85;
1;2;31,58;36;1;44;1;370;26,5;15,23;15,05;
1;2;31,58;36;1;45;1;370;26,5;15,23;15,95;
1;2;31,58;36;1;46;1;370;26,5;15,23;16,6;26
1;2;31,58;36;1;47;1;370;26,5;15,23;15,95;
1;2;31,58;36;1;48;1;370;26,5;15,23;15,3;
1;2;31,58;36;1;49;1;370;26,5;15,23;16,45;
1;2;31,58;36;1;50;1;370;26,5;15,23;14,7;
1;2;31,58;37;1;1;1;370;29,63;15,91;16,85;27,8
1;2;31,58;37;1;2;1;370;29,63;15,91;14,3;25,9
1;2;31,58;37;1;3;1;370;29,63;15,91;14,45;26,2
1;2;31,58;37;1;4;1;370;29,63;15,91;16,65;27,2
1;2;31,58;37;1;5;1;370;29,63;15,91;17,35;28,3
1;2;31,58;37;1;6;1;370;29,63;15,91;16,7;
1;2;31,58;37;1;7;1;370;29,63;15,91;15,25;
1;2;31,58;37;1;8;1;370;29,63;15,91;13,85;
1;2;31,58;37;1;9;1;370;29,63;15,91;16;
1;2;31,58;37;1;10;1;370;29,63;15,91;16,5;
1;2;31,58;37;1;11;1;370;29,63;15,91;16,9;
1;2;31,58;37;1;12;1;370;29,63;15,91;14,9;
1;2;31,58;37;1;13;1;370;29,63;15,91;15,7;
1;2;31,58;37;1;14;1;370;29,63;15,91;16,35;
1;2;31,58;37;1;15;1;370;29,63;15,91;18,1;
1;2;31,58;37;1;16;1;370;29,63;15,91;16,9;
1;2;31,58;37;1;17;1;370;29,63;15,91;17,35;
1;2;31,58;37;1;18;1;370;29,63;15,91;16,8;
1;2;31,58;37;1;19;1;370;29,63;15,91;17,2;
1;2;31,58;37;1;20;1;370;29,63;15,91;19;29,1
1;2;31,58;37;1;21;1;370;29,63;15,91;14,35;
1;2;31,58;37;1;22;1;370;29,63;15,91;17,05;
1;2;31,58;37;1;23;1;370;29,63;15,91;18,25;
1;2;31,58;37;1;24;1;370;29,63;15,91;16,45;
1;2;31,58;37;1;25;1;370;29,63;15,91;15,7;
1;2;31,58;37;1;26;1;370;29,63;15,91;16,25;
1;2;31,58;37;1;27;1;370;29,63;15,91;17,8;
1;2;31,58;37;1;28;1;370;29,63;15,91;17,6;
1;2;31,58;37;1;29;1;370;29,63;15,91;15,15;
1;2;31,58;37;1;30;1;370;29,63;15,91;16,2;
1;2;31,58;37;1;31;1;370;29,63;15,91;18,05;
1;2;31,58;37;1;32;1;370;29,63;15,91;17,45;
1;2;31,58;37;1;33;1;370;29,63;15,91;17,05;
1;2;31,58;37;1;34;1;370;29,63;15,91;17;
1;2;31,58;37;1;35;1;370;29,63;15,91;13,4;
1;2;31,58;37;1;36;1;370;29,63;15,91;17,25;
1;2;31,58;37;1;37;1;370;29,63;15,91;13,85;
1;2;31,58;37;1;38;1;370;29,63;15,91;18,45;29,6
1;2;31,58;37;1;39;1;370;29,63;15,91;19,95;30,2
1;2;31,58;37;1;40;1;370;29,63;15,91;16,7;
1;2;31,58;37;1;41;1;370;29,63;15,91;9,8;
1;2;31,58;37;1;42;1;370;29,63;15,91;12,45;
1;2;31,58;37;1;43;1;370;29,63;15,91;0;
1;2;31,58;37;1;44;1;370;29,63;15,91;14,2;
1;2;31,58;37;1;45;1;370;29,63;15,91;12,05;
1;2;31,58;37;1;46;1;370;29,63;15,91;15,65;
1;2;31,58;37;1;47;1;370;29,63;15,91;8,5;
1;2;31,58;37;1;48;1;370;29,63;15,91;14,2;
1;2;31,58;37;1;49;1;370;29,63;15,91;13,4;
1;2;31,58;37;1;50;1;370;29,63;15,91;10,25;
1;3;78,01;50;1;1;1;370;30,27;14,62;17,8;29,4
1;3;78,01;50;1;2;1;370;30,27;14,62;14,45;25,9
1;3;78,01;50;1;3;1;370;30,27;14,62;14,1;25,7
1;3;78,01;50;1;4;1;370;30,27;14,62;16,8;27,9
1;3;78,01;50;1;5;1;370;30,27;14,62;13,65;25,8
1;3;78,01;50;1;6;1;370;30,27;14,62;16,15;
1;3;78,01;50;1;7;1;370;30,27;14,62;10,15;
1;3;78,01;50;1;8;1;370;30,27;14,62;19,55;31
1;3;78,01;50;1;9;1;370;30,27;14,62;17,15;
1;3;78,01;50;1;10;1;370;30,27;14,62;17,65;30,4
1;3;78,01;50;1;11;1;370;30,27;14,62;12,85;
1;3;78,01;50;1;12;1;370;30,27;14,62;11,35;
1;3;78,01;50;1;13;1;370;30,27;14,62;14,05;
1;3;78,01;50;1;14;1;370;30,27;14,62;14,3;
1;3;78,01;50;1;15;1;370;30,27;14,62;17,3;
1;3;78,01;50;1;16;1;370;30,27;14,62;17,2;
1;3;78,01;50;1;17;1;370;30,27;14,62;11,05;
1;3;78,01;50;1;18;1;370;30,27;14,62;17,65;
1;3;78,01;50;1;19;1;370;30,27;14,62;12,55;
1;3;78,01;50;1;20;1;370;30,27;14,62;16,65;
1;3;78,01;50;1;21;1;370;30,27;14,62;9,75;
1;3;78,01;50;1;22;1;370;30,27;14,62;13,85;
1;3;78,01;50;1;23;1;370;30,27;14,62;16,45;
1;3;78,01;50;1;24;1;370;30,27;14,62;6,35;
1;3;78,01;50;1;25;1;370;30,27;14,62;12,9;
1;3;78,01;50;1;26;1;370;30,27;14,62;12,15;
1;3;78,01;50;1;27;1;370;30,27;14,62;13,9;
1;3;78,01;50;1;28;1;370;30,27;14,62;16,15;
1;3;78,01;50;1;29;1;370;30,27;14,62;9,5;
1;3;78,01;50;1;30;1;370;30,27;14,62;14,75;
1;3;78,01;50;1;31;1;370;30,27;14,62;17,15;
1;3;78,01;50;1;32;1;370;30,27;14,62;16,5;
1;3;78,01;50;1;33;1;370;30,27;14,62;0;
1;3;78,01;50;1;34;1;370;30,27;14,62;15,4;
1;3;78,01;50;1;35;1;370;30,27;14,62;14,4;
1;3;78,01;50;1;36;1;370;30,27;14,62;12,7;
1;3;78,01;50;1;37;1;370;30,27;14,62;16,65;
1;3;78,01;50;1;38;1;370;30,27;14,62;14,4;
1;3;78,01;50;1;39;1;370;30,27;14,62;17,5;
1;3;78,01;50;1;40;1;370;30,27;14,62;16,5;
1;3;78,01;50;1;41;1;370;30,27;14,62;15,7;
1;3;78,01;50;1;42;1;370;30,27;14,62;11,55;
1;3;78,01;50;1;43;1;370;30,27;14,62;10,35;
1;3;78,01;50;1;44;1;370;30,27;14,62;15,55;
1;3;78,01;50;1;45;1;370;30,27;14,62;8,55;
1;3;78,01;50;1;46;1;370;30,27;14,62;17,2;
1;3;78,01;50;1;47;1;370;30,27;14,62;13,3;
1;3;78,01;50;1;48;1;370;30,27;14,62;16,9;
1;3;78,01;50;1;49;1;370;30,27;14,62;9,5;
1;3;78,01;51;1;1;1;370;27,43;16,01;0;
1;3;78,01;51;1;2;1;370;27,43;16,01;19,35;27,1
1;3;78,01;51;1;3;1;370;27,43;16,01;13,95;24,2
1;3;78,01;51;1;4;1;370;27,43;16,01;15,85;25,3
1;3;78,01;51;1;5;1;370;27,43;16,01;13,8;24,1
1;3;78,01;51;1;6;1;370;27,43;16,01;14,75;24,8
1;3;78,01;51;1;7;1;370;27,43;16,01;16,4;
1;3;78,01;51;1;8;1;370;27,43;16,01;14,35;
1;3;78,01;51;1;9;1;370;27,43;16,01;17,8;
1;3;78,01;51;1;10;1;370;27,43;16,01;15,9;
1;3;78,01;51;1;11;1;370;27,43;16,01;20,05;27,8
1;3;78,01;51;1;12;1;370;27,43;16,01;7,15;
1;3;78,01;51;1;13;1;370;27,43;16,01;17,95;
1;3;78,01;51;1;14;1;370;27,43;16,01;20,6;27,5
1;3;78,01;51;1;15;1;370;27,43;16,01;10,75;
1;3;78,01;51;1;16;1;370;27,43;16,01;20,6;27
1;3;78,01;51;1;17;1;370;27,43;16,01;16,75;
1;3;78,01;51;1;18;1;370;27,43;16,01;14,2;
1;3;78,01;51;1;19;1;370;27,43;16,01;16,1;
1;3;78,01;51;1;20;1;370;27,43;16,01;18,85;
1;3;78,01;51;1;21;1;370;27,43;16,01;11,65;
1;3;78,01;51;1;22;1;370;27,43;16,01;15,35;
1;3;78,01;51;1;23;1;370;27,43;16,01;13,35;
1;3;78,01;51;1;24;1;370;27,43;16,01;15;
1;3;78,01;51;1;25;1;370;27,43;16,01;0;
1;3;78,01;51;1;26;1;370;27,43;16,01;10,45;
1;3;78,01;51;1;27;1;370;27,43;16,01;0;
1;3;78,01;51;1;28;1;370;27,43;16,01;17,95;
1;3;78,01;51;1;29;1;370;27,43;16,01;0;
1;3;78,01;51;1;30;1;370;27,43;16,01;14,9;
1;3;78,01;51;1;31;1;370;27,43;16,01;14,2;
1;3;78,01;51;1;32;1;370;27,43;16,01;18,95;
1;3;78,01;51;1;33;1;370;27,43;16,01;17,7;
1;3;78,01;51;1;34;1;370;27,43;16,01;11,15;
1;3;78,01;51;1;35;1;370;27,43;16,01;14,45;
1;3;78,01;51;1;36;1;370;27,43;16,01;17,7;
1;3;78,01;51;1;37;1;370;27,43;16,01;15,25;
1;3;78,01;51;1;38;1;370;27,43;16,01;16,45;
1;3;78,01;51;1;39;1;370;27,43;16,01;19;
1;3;78,01;51;1;40;1;370;27,43;16,01;14,4;
1;3;78,01;51;1;41;1;370;27,43;16,01;18,55;
1;3;78,01;51;1;42;1;370;27,43;16,01;18,85;
1;3;78,01;51;1;43;1;370;27,43;16,01;15,95;
1;3;78,01;51;1;44;1;370;27,43;16,01;14,65;
1;3;78,01;51;1;45;1;370;27,43;16,01;15,9;
1;3;78,01;51;1;46;1;370;27,43;16,01;13,55;
1;3;78,01;51;1;47;1;370;27,43;16,01;19,9;
1;3;78,01;51;1;48;1;370;27,43;16,01;6,15;
1;3;78,01;51;1;49;1;370;27,43;16,01;16,15;
1;3;78,01;51;1;50;1;370;27,43;16,01;16,15;
1;3;78,01;51;1;51;1;370;27,43;16,01;18,85;
1;3;78,01;52;1;1;1;370;28,6;16,18;12,4;21,3
1;3;78,01;52;1;2;1;370;28,6;16,18;18,85;27,8
1;3;78,01;52;1;3;1;370;28,6;16,18;19,7;27,9
1;3;78,01;52;1;4;1;370;28,6;16,18;0;
1;3;78,01;52;1;5;1;370;28,6;16,18;13,95;23,9
1;3;78,01;52;1;6;1;370;28,6;16,18;0;
1;3;78,01;52;1;7;1;370;28,6;16,18;14,5;24,9
1;3;78,01;52;1;8;1;370;28,6;16,18;12,15;
1;3;78,01;52;1;9;1;370;28,6;16,18;22,75;29,5
1;3;78,01;52;1;10;1;370;28,6;16,18;16,6;
1;3;78,01;52;1;11;1;370;28,6;16,18;12,5;
1;3;78,01;52;1;12;1;370;28,6;16,18;17,55;
1;3;78,01;52;1;13;1;370;28,6;16,18;18,9;
1;3;78,01;52;1;14;1;370;28,6;16,18;16,25;
1;3;78,01;52;1;15;1;370;28,6;16,18;19,6;
1;3;78,01;52;1;16;1;370;28,6;16,18;0;
1;3;78,01;52;1;17;1;370;28,6;16,18;16,6;
1;3;78,01;52;1;18;1;370;28,6;16,18;0;
1;3;78,01;52;1;19;1;370;28,6;16,18;0;
1;3;78,01;52;1;20;1;370;28,6;16,18;0;
1;3;78,01;52;1;21;1;370;28,6;16,18;12,35;
1;3;78,01;52;1;22;1;370;28,6;16,18;16,65;
1;3;78,01;52;1;23;1;370;28,6;16,18;19,6;
1;3;78,01;52;1;24;1;370;28,6;16,18;21,65;29,3
1;3;78,01;52;1;25;1;370;28,6;16,18;10,75;
1;3;78,01;52;1;26;1;370;28,6;16,18;0;
1;3;78,01;52;1;27;1;370;28,6;16,18;0;
1;3;78,01;52;1;28;1;370;28,6;16,18;10,15;
1;3;78,01;52;1;29;1;370;28,6;16,18;19,1;
1;3;78,01;52;1;30;1;370;28,6;16,18;16,05;
1;3;78,01;52;1;31;1;370;28,6;16,18;18,25;
1;3;78,01;52;1;32;1;370;28,6;16,18;11,85;
1;3;78,01;52;1;33;1;370;28,6;16,18;13,45;
1;3;78,01;52;1;34;1;370;28,6;16,18;15;
1;3;78,01;52;1;35;1;370;28,6;16,18;11,5;
1;3;78,01;52;1;36;1;370;28,6;16,18;10,15;
1;3;78,01;52;1;37;1;370;28,6;16,18;0;
1;3;78,01;52;1;38;1;370;28,6;16,18;10,95;
1;3;78,01;52;1;39;1;370;28,6;16,18;17,8;
1;3;78,01;52;1;40;1;370;28,6;16,18;18,75;
1;3;78,01;52;1;41;1;370;28,6;16,18;14,7;
1;3;78,01;52;1;42;1;370;28,6;16,18;17,2;
1;3;78,01;52;1;43;1;370;28,6;16,18;0;
1;3;78,01;52;1;44;1;370;28,6;16,18;12,8;
1;3;78,01;52;1;45;1;370;28,6;16,18;17,9;
1;3;78,01;52;1;46;1;370;28,6;16,18;21,15;27
1;3;78,01;52;1;47;1;370;28,6;16,18;14,75;
1;3;78,01;52;1;48;1;370;28,6;16,18;0;
1;3;78,01;52;1;49;1;370;28,6;16,18;16,6;
1;3;78,01;53;1;1;1;370;27,27;15,17;0;
1;3;78,01;53;1;2;1;370;27,27;15,17;18,9;25,9
1;3;78,01;53;1;3;1;370;27,27;15,17;14,55;26
1;3;78,01;53;1;4;1;370;27,27;15,17;15,75;26
1;3;78,01;53;1;5;1;370;27,27;15,17;15,3;25,5
1;3;78,01;53;1;6;1;370;27,27;15,17;9,25;16,6
1;3;78,01;53;1;7;1;370;27,27;15,17;12,5;
1;3;78,01;53;1;8;1;370;27,27;15,17;16,7;
1;3;78,01;53;1;9;1;370;27,27;15,17;0;
1;3;78,01;53;1;10;1;370;27,27;15,17;15,75;
1;3;78,01;53;1;11;1;370;27,27;15,17;18,5;
1;3;78,01;53;1;12;1;370;27,27;15,17;8,6;
1;3;78,01;53;1;13;1;370;27,27;15,17;0;
1;3;78,01;53;1;14;1;370;27,27;15,17;15,85;
1;3;78,01;53;1;15;1;370;27,27;15,17;12,65;
1;3;78,01;53;1;16;1;370;27,27;15,17;21,6;27,2
1;3;78,01;53;1;17;1;370;27,27;15,17;0;
1;3;78,01;53;1;18;1;370;27,27;15,17;0;
1;3;78,01;53;1;19;1;370;27,27;15,17;0;
1;3;78,01;53;1;20;1;370;27,27;15,17;18,25;
1;3;78,01;53;1;21;1;370;27,27;15,17;6,8;
1;3;78,01;53;1;22;1;370;27,27;15,17;10,75;
1;3;78,01;53;1;23;1;370;27,27;15,17;14,3;
1;3;78,01;53;1;24;1;370;27,27;15,17;0;
1;3;78,01;53;1;25;1;370;27,27;15,17;0;
1;3;78,01;53;1;26;1;370;27,27;15,17;17,75;
1;3;78,01;53;1;27;1;370;27,27;15,17;8,25;
1;3;78,01;53;1;28;1;370;27,27;15,17;8,45;
1;3;78,01;53;1;29;1;370;27,27;15,17;20,35;28,3
1;3;78,01;53;1;30;1;370;27,27;15,17;19,8;29
1;3;78,01;53;1;31;1;370;27,27;15,17;18,3;
1;3;78,01;53;1;32;1;370;27,27;15,17;0;
1;3;78,01;53;1;33;1;370;27,27;15,17;0;
1;3;78,01;53;1;34;1;370;27,27;15,17;18,7;
1;3;78,01;53;1;35;1;370;27,27;15,17;16,8;
1;3;78,01;53;1;36;1;370;27,27;15,17;20,85;26,3
1;3;78,01;53;1;37;1;370;27,27;15,17;15,6;
1;3;78,01;53;1;38;1;370;27,27;15,17;11,1;
1;3;78,01;53;1;39;1;370;27,27;15,17;10,5;
1;3;78,01;53;1;40;1;370;27,27;15,17;13,05;
1;3;78,01;53;1;41;1;370;27,27;15,17;17,35;
1;3;78,01;53;1;42;1;370;27,27;15,17;0;
1;3;78,01;53;1;43;1;370;27,27;15,17;17,75;
1;3;78,01;53;1;44;1;370;27,27;15,17;10;
1;3;78,01;53;1;45;1;370;27,27;15,17;12,65;
1;3;78,01;53;1;46;1;370;27,27;15,17;8,8;
1;3;78,01;53;1;47;1;370;27,27;15,17;14,45;
1;3;78,01;54;1;1;1;370;30,93;17,07;8,4;15,1
1;3;78,01;54;1;2;1;370;30,93;17,07;0;
1;3;78,01;54;1;3;1;370;30,93;17,07;19,75;25,5
1;3;78,01;54;1;4;1;370;30,93;17,07;17,05;
1;3;78,01;54;1;5;1;370;30,93;17,07;18,55;28,5
1;3;78,01;54;1;6;1;370;30,93;17,07;9,25;14,5
1;3;78,01;54;1;7;1;370;30,93;17,07;25,3;
1;3;78,01;54;1;8;1;370;30,93;17,07;0;
1;3;78,01;54;1;9;1;370;30,93;17,07;0;
1;3;78,01;54;1;10;1;370;30,93;17,07;23,15;31,5
1;3;78,01;54;1;11;1;370;30,93;17,07;0;
1;3;78,01;54;1;12;1;370;30,93;17,07;0;
1;3;78,01;54;1;13;1;370;30,93;17,07;20,2;
1;3;78,01;54;1;14;1;370;30,93;17,07;17,8;
1;3;78,01;54;1;15;1;370;30,93;17,07;0;
1;3;78,01;54;1;16;1;370;30,93;17,07;0;
1;3;78,01;54;1;17;1;370;30,93;17,07;16,85;
1;3;78,01;54;1;18;1;370;30,93;17,07;18,45;
1;3;78,01;54;1;19;1;370;30,93;17,07;16,65;
1;3;78,01;54;1;20;1;370;30,93;17,07;18,5;
1;3;78,01;54;1;21;1;370;30,93;17,07;0;
1;3;78,01;54;1;22;1;370;30,93;17,07;16,75;
1;3;78,01;54;1;23;1;370;30,93;17,07;12,4;
1;3;78,01;54;1;24;1;370;30,93;17,07;16,6;
1;3;78,01;54;1;25;1;370;30,93;17,07;10,1;
1;3;78,01;54;1;26;1;370;30,93;17,07;0;
1;3;78,01;54;1;27;1;370;30,93;17,07;10,55;
1;3;78,01;54;1;28;1;370;30,93;17,07;0;
1;3;78,01;54;1;29;1;370;30,93;17,07;0;
1;3;78,01;54;1;30;1;370;30,93;17,07;0;
1;3;78,01;54;1;31;1;370;30,93;17,07;13,95;
1;3;78,01;54;1;32;1;370;30,93;17,07;0;
1;3;78,01;54;1;33;1;370;30,93;17,07;13,4;
1;3;78,01;54;1;34;1;370;30,93;17,07;0;
1;3;78,01;54;1;35;1;370;30,93;17,07;21,4;29
1;3;78,01;54;1;36;1;370;30,93;17,07;16,05;
1;3;78,01;54;1;37;1;370;30,93;17,07;18,05;
1;3;78,01;54;1;38;1;370;30,93;17,07;0;
1;3;78,01;54;1;39;1;370;30,93;17,07;5,75;
1;3;78,01;54;1;40;1;370;30,93;17,07;15,85;
1;3;78,01;54;1;41;1;370;30,93;17,07;19,35;
1;3;78,01;54;1;42;1;370;30,93;17,07;0;
1;3;78,01;54;1;43;1;370;30,93;17,07;20,85;
1;3;78,01;54;1;44;1;370;30,93;17,07;0;
1;3;78,01;54;1;45;1;370;30,93;17,07;13,95;
1;3;78,01;54;1;46;1;370;30,93;17,07;20,45;
1;3;78,01;54;1;47;1;370;30,93;17,07;14,15;
1;3;78,01;54;1;48;1;370;30,93;17,07;19,25;
1;3;78,01;54;1;49;1;370;30,93;17,07;19,05;
1;3;78,01;54;1;50;1;370;30,93;17,07;17,65;
1;3;78,01;55;1;1;1;370;26,77;12,92;8,25;15
1;3;78,01;55;1;2;1;370;26,77;12,92;15,15;24,3
1;3;78,01;55;1;3;1;370;26,77;12,92;17,95;25,3
1;3;78,01;55;1;4;1;370;26,77;12,92;13,1;22,4
1;3;78,01;55;1;5;1;370;26,77;12,92;0;
1;3;78,01;55;1;6;1;370;26,77;12,92;14,4;23
1;3;78,01;55;1;7;1;370;26,77;12,92;15,9;
1;3;78,01;55;1;8;1;370;26,77;12,92;13,75;
1;3;78,01;55;1;9;1;370;26,77;12,92;8,5;
1;3;78,01;55;1;10;1;370;26,77;12,92;6,35;
1;3;78,01;55;1;11;1;370;26,77;12,92;0;
1;3;78,01;55;1;12;1;370;26,77;12,92;0;
1;3;78,01;55;1;13;1;370;26,77;12,92;0;
1;3;78,01;55;1;14;1;370;26,77;12,92;0;
1;3;78,01;55;1;15;1;370;26,77;12,92;10,8;
1;3;78,01;55;1;16;1;370;26,77;12,92;6,35;
1;3;78,01;55;1;17;1;370;26,77;12,92;0;
1;3;78,01;55;1;18;1;370;26,77;12,92;7;
1;3;78,01;55;1;19;1;370;26,77;12,92;0;
1;3;78,01;55;1;20;1;370;26,77;12,92;15,9;
1;3;78,01;55;1;21;1;370;26,77;12,92;16,3;
1;3;78,01;55;1;22;1;370;26,77;12,92;12;
1;3;78,01;55;1;23;1;370;26,77;12,92;11,7;
1;3;78,01;55;1;24;1;370;26,77;12,92;0;
1;3;78,01;55;1;25;1;370;26,77;12,92;9,65;
1;3;78,01;55;1;26;1;370;26,77;12,92;20,95;28,4
1;3;78,01;55;1;27;1;370;26,77;12,92;0;
1;3;78,01;55;1;28;1;370;26,77;12,92;0;
1;3;78,01;55;1;29;1;370;26,77;12,92;7,45;
1;3;78,01;55;1;30;1;370;26,77;12,92;11,4;
1;3;78,01;55;1;31;1;370;26,77;12,92;11,5;
1;3;78,01;55;1;32;1;370;26,77;12,92;18,75;26,6
1;3;78,01;55;1;33;1;370;26,77;12,92;9,6;
1;3;78,01;55;1;34;1;370;26,77;12,92;13,6;
1;3;78,01;55;1;35;1;370;26,77;12,92;10,85;
1;3;78,01;55;1;36;1;370;26,77;12,92;10,6;
1;3;78,01;55;1;37;1;370;26,77;12,92;12,85;
1;3;78,01;55;1;38;1;370;26,77;12,92;11,5;
1;3;78,01;55;1;39;1;370;26,77;12,92;12,05;
1;3;78,01;55;1;40;1;370;26,77;12,92;12,75;
1;3;78,01;55;1;41;1;370;26,77;12,92;13,7;
1;3;78,01;55;1;42;1;370;26,77;12,92;0;
1;3;78,01;55;1;43;1;370;26,77;12,92;8,4;
1;3;78,01;55;1;44;1;370;26,77;12,92;15,3;
1;3;78,01;55;1;45;1;370;26,77;12,92;0;
1;3;78,01;55;1;46;1;370;26,77;12,92;15,35;
1;3;78,01;55;1;47;1;370;26,77;12,92;11,5;
1;3;78,01;55;1;48;1;370;26,77;12,92;11,65;
1;3;78,01;55;1;49;1;370;26,77;12,92;0;
1;3;78,01;55;1;50;1;370;26,77;12,92;17,5;25,5
1;3;78,01;56;1;1;1;370;27,57;14,05;0;
1;3;78,01;56;1;2;1;370;27,57;14,05;0;
1;3;78,01;56;1;3;1;370;27,57;14,05;15,2;25,4
1;3;78,01;56;1;4;1;370;27,57;14,05;21,85;29,2
1;3;78,01;56;1;5;1;370;27,57;14,05;0;
1;3;78,01;56;1;6;1;370;27,57;14,05;10,7;21,6
1;3;78,01;56;1;7;1;370;27,57;14,05;17,15;26,8
1;3;78,01;56;1;8;1;370;27,57;14,05;12,3;22,6
1;3;78,01;56;1;9;1;370;27,57;14,05;0;
1;3;78,01;56;1;10;1;370;27,57;14,05;5,75;
1;3;78,01;56;1;11;1;370;27,57;14,05;10,75;
1;3;78,01;56;1;12;1;370;27,57;14,05;8,15;
1;3;78,01;56;1;13;1;370;27,57;14,05;19,5;27,5
1;3;78,01;56;1;14;1;370;27,57;14,05;14;
1;3;78,01;56;1;15;1;370;27,57;14,05;12,15;
1;3;78,01;56;1;16;1;370;27,57;14,05;0;
1;3;78,01;56;1;17;1;370;27,57;14,05;10,95;
1;3;78,01;56;1;18;1;370;27,57;14,05;20,15;26
1;3;78,01;56;1;19;1;370;27,57;14,05;13;
1;3;78,01;56;1;20;1;370;27,57;14,05;16,85;
1;3;78,01;56;1;21;1;370;27,57;14,05;14,05;
1;3;78,01;56;1;22;1;370;27,57;14,05;0;
1;3;78,01;56;1;23;1;370;27,57;14,05;5,55;
1;3;78,01;56;1;24;1;370;27,57;14,05;17,85;
1;3;78,01;56;1;25;1;370;27,57;14,05;0;
1;3;78,01;56;1;26;1;370;27,57;14,05;17,05;
1;3;78,01;56;1;27;1;370;27,57;14,05;13,65;
1;3;78,01;56;1;28;1;370;27,57;14,05;10,95;
1;3;78,01;56;1;29;1;370;27,57;14,05;12,9;
1;3;78,01;56;1;30;1;370;27,57;14,05;11,7;
1;3;78,01;56;1;31;1;370;27,57;14,05;11,3;
1;3;78,01;56;1;32;1;370;27,57;14,05;16,65;
1;3;78,01;56;1;33;1;370;27,57;14,05;0;
1;3;78,01;56;1;34;1;370;27,57;14,05;9,8;
1;3;78,01;56;1;35;1;370;27,57;14,05;13;
1;3;78,01;56;1;36;1;370;27,57;14,05;17,4;
1;3;78,01;56;1;37;1;370;27,57;14,05;11,55;
1;3;78,01;56;1;38;1;370;27,57;14,05;12,55;
1;3;78,01;56;1;39;1;370;27,57;14,05;0;
1;3;78,01;56;1;40;1;370;27,57;14,05;7,9;
1;3;78,01;56;1;41;1;370;27,57;14,05;11,85;
1;3;78,01;56;1;42;1;370;27,57;14,05;0;
1;3;78,01;56;1;43;1;370;27,57;14,05;13,85;
1;3;78,01;56;1;44;1;370;27,57;14,05;9,5;
1;3;78,01;56;1;45;1;370;27,57;14,05;17,55;
1;3;78,01;56;1;46;1;370;27,57;14,05;17,75;
1;3;78,01;56;1;47;1;370;27,57;14,05;15,3;
1;3;78,01;56;1;48;1;370;27,57;14,05;16,95;
1;3;78,01;56;1;49;1;370;27,57;14,05;15,25;
1;3;78,01;56;1;50;1;370;27,57;14,05;11,7;
1;3;78,01;57;1;1;1;370;29,77;14,91;16,2;29,9
1;3;78,01;57;1;2;1;370;29,77;14,91;17,9;29,7
1;3;78,01;57;1;3;1;370;29,77;14,91;0;
1;3;78,01;57;1;4;1;370;29,77;14,91;17,7;28,7
1;3;78,01;57;1;5;1;370;29,77;14,91;0;
1;3;78,01;57;1;6;1;370;29,77;14,91;18,7;29
1;3;78,01;57;1;7;1;370;29,77;14,91;9,5;21,2
1;3;78,01;57;1;8;1;370;29,77;14,91;6,35;
1;3;78,01;57;1;9;1;370;29,77;14,91;17,4;
1;3;78,01;57;1;10;1;370;29,77;14,91;8;
1;3;78,01;57;1;11;1;370;29,77;14,91;14;
1;3;78,01;57;1;12;1;370;29,77;14,91;14,5;
1;3;78,01;57;1;13;1;370;29,77;14,91;16,8;
1;3;78,01;57;1;14;1;370;29,77;14,91;10,95;
1;3;78,01;57;1;15;1;370;29,77;14,91;0;
1;3;78,01;57;1;16;1;370;29,77;14,91;17,25;
1;3;78,01;57;1;17;1;370;29,77;14,91;15,75;
1;3;78,01;57;1;18;1;370;29,77;14,91;11,2;
1;3;78,01;57;1;19;1;370;29,77;14,91;19,2;29,9
1;3;78,01;57;1;20;1;370;29,77;14,91;0;
1;3;78,01;57;1;21;1;370;29,77;14,91;14,15;
1;3;78,01;57;1;22;1;370;29,77;14,91;16,15;
1;3;78,01;57;1;23;1;370;29,77;14,91;15,4;
1;3;78,01;57;1;24;1;370;29,77;14,91;7,35;
1;3;78,01;57;1;25;1;370;29,77;14,91;20,6;29,6
1;3;78,01;57;1;26;1;370;29,77;14,91;10,75;
1;3;78,01;57;1;27;1;370;29,77;14,91;15,85;
1;3;78,01;57;1;28;1;370;29,77;14,91;7,3;
1;3;78,01;57;1;29;1;370;29,77;14,91;16,45;
1;3;78,01;57;1;30;1;370;29,77;14,91;13,9;
1;3;78,01;57;1;31;1;370;29,77;14,91;16,2;
1;3;78,01;57;1;32;1;370;29,77;14,91;17,5;
1;3;78,01;57;1;33;1;370;29,77;14,91;17,75;
1;3;78,01;57;1;34;1;370;29,77;14,91;9,7;
1;3;78,01;57;1;35;1;370;29,77;14,91;18,1;
1;3;78,01;57;1;36;1;370;29,77;14,91;12,55;
1;3;78,01;57;1;37;1;370;29,77;14,91;12,25;
1;3;78,01;57;1;38;1;370;29,77;14,91;0;
1;3;78,01;57;1;39;1;370;29,77;14,91;18,55;
1;3;78,01;57;1;40;1;370;29,77;14,91;18,85;29,8
1;3;78,01;57;1;41;1;370;29,77;14,91;15,9;
1;3;78,01;57;1;42;1;370;29,77;14,91;15,85;
1;3;78,01;57;1;43;1;370;29,77;14,91;17,65;
1;3;78,01;57;1;44;1;370;29,77;14,91;14,2;
1;3;78,01;57;1;45;1;370;29,77;14,91;0;
1;3;78,01;57;1;46;1;370;29,77;14,91;9,6;
1;3;78,01;57;1;47;1;370;29,77;14,91;9,95;
1;3;78,01;57;1;48;1;370;29,77;14,91;15,85;
1;3;78,01;57;1;49;1;370;29,77;14,91;11,75;
1;4;54,41;84;1;1;1;370;28,4;15,1;12,95;25,9
1;4;54,41;84;1;2;1;370;28,4;15,1;13,7;26,3
1;4;54,41;84;1;3;1;370;28,4;15,1;15,4;28,2
1;4;54,41;84;1;4;1;370;28,4;15,1;14,8;27,2
1;4;54,41;84;1;5;1;370;28,4;15,1;13,7;26,8
1;4;54,41;84;1;6;1;370;28,4;15,1;13,95;
1;4;54,41;84;1;7;1;370;28,4;15,1;14,15;
1;4;54,41;84;1;8;1;370;28,4;15,1;15,4;
1;4;54,41;84;1;9;1;370;28,4;15,1;14,05;
1;4;54,41;84;1;10;1;370;28,4;15,1;16,45;
1;4;54,41;84;1;11;1;370;28,4;15,1;10,6;
1;4;54,41;84;1;12;1;370;28,4;15,1;15;
1;4;54,41;84;1;13;1;370;28,4;15,1;12,1;
1;4;54,41;84;1;14;1;370;28,4;15,1;16,05;
1;4;54,41;84;1;15;1;370;28,4;15,1;15,2;
1;4;54,41;84;1;16;1;370;28,4;15,1;15,15;
1;4;54,41;84;1;17;1;370;28,4;15,1;13,35;
1;4;54,41;84;1;18;1;370;28,4;15,1;13,75;
1;4;54,41;84;1;19;1;370;28,4;15,1;15,4;
1;4;54,41;84;1;20;1;370;28,4;15,1;14,7;
1;4;54,41;84;1;21;1;370;28,4;15,1;15,6;
1;4;54,41;84;1;22;1;370;28,4;15,1;14,4;
1;4;54,41;84;1;23;1;370;28,4;15,1;0;
1;4;54,41;84;1;24;1;370;28,4;15,1;15,85;
1;4;54,41;84;1;25;1;370;28,4;15,1;16,7;29,1
1;4;54,41;84;1;26;1;370;28,4;15,1;15,75;
1;4;54,41;84;1;27;1;370;28,4;15,1;16,65;
1;4;54,41;84;1;28;1;370;28,4;15,1;16,4;
1;4;54,41;84;1;29;1;370;28,4;15,1;16,7;27,8
1;4;54,41;84;1;30;1;370;28,4;15,1;15,7;
1;4;54,41;84;1;31;1;370;28,4;15,1;16;
1;4;54,41;84;1;32;1;370;28,4;15,1;15,75;
1;4;54,41;84;1;33;1;370;28,4;15,1;15,45;
1;4;54,41;84;1;34;1;370;28,4;15,1;16,2;
1;4;54,41;84;1;35;1;370;28,4;15,1;12,15;
1;4;54,41;84;1;36;1;370;28,4;15,1;16,45;
1;4;54,41;84;1;37;1;370;28,4;15,1;16,2;
1;4;54,41;84;1;38;1;370;28,4;15,1;15,9;
1;4;54,41;84;1;39;1;370;28,4;15,1;15,9;
1;4;54,41;84;1;40;1;370;28,4;15,1;14,1;
1;4;54,41;84;1;41;1;370;28,4;15,1;15,25;
1;4;54,41;84;1;42;1;370;28,4;15,1;11,2;
1;4;54,41;84;1;43;1;370;28,4;15,1;13,95;
1;4;54,41;84;1;44;1;370;28,4;15,1;15,45;
1;4;54,41;84;1;45;1;370;28,4;15,1;17,8;28,7
1;4;54,41;84;1;46;1;370;28,4;15,1;16,9;28,7
1;4;54,41;84;1;47;1;370;28,4;15,1;16,45;
1;4;54,41;84;1;48;1;370;28,4;15,1;14,9;
1;4;54,41;84;1;49;1;370;28,4;15,1;15,45;
1;4;54,41;85;1;1;1;370;29,83;16,84;14,05;26,3
1;4;54,41;85;1;2;1;370;29,83;16,84;15,3;27,1
1;4;54,41;85;1;3;1;370;29,83;16,84;16,85;27,4
1;4;54,41;85;1;4;1;370;29,83;16,84;14,55;26,5
1;4;54,41;85;1;5;1;370;29,83;16,84;17,6;27,8
1;4;54,41;85;1;6;1;370;29,83;16,84;16,25;
1;4;54,41;85;1;7;1;370;29,83;16,84;14,05;
1;4;54,41;85;1;8;1;370;29,83;16,84;17,2;
1;4;54,41;85;1;9;1;370;29,83;16,84;17,9;
1;4;54,41;85;1;10;1;370;29,83;16,84;14,05;
1;4;54,41;85;1;11;1;370;29,83;16,84;18,2;
1;4;54,41;85;1;12;1;370;29,83;16,84;14,45;
1;4;54,41;85;1;13;1;370;29,83;16,84;18,65;
1;4;54,41;85;1;14;1;370;29,83;16,84;16,4;
1;4;54,41;85;1;15;1;370;29,83;16,84;17,7;
1;4;54,41;85;1;16;1;370;29,83;16,84;17,2;
1;4;54,41;85;1;17;1;370;29,83;16,84;16,25;
1;4;54,41;85;1;18;1;370;29,83;16,84;17,1;
1;4;54,41;85;1;19;1;370;29,83;16,84;18,75;
1;4;54,41;85;1;20;1;370;29,83;16,84;14,6;
1;4;54,41;85;1;21;1;370;29,83;16,84;13,95;
1;4;54,41;85;1;22;1;370;29,83;16,84;17,3;
1;4;54,41;85;1;23;1;370;29,83;16,84;0;
1;4;54,41;85;1;24;1;370;29,83;16,84;11,55;
1;4;54,41;85;1;25;1;370;29,83;16,84;17,15;
1;4;54,41;85;1;26;1;370;29,83;16,84;0;
1;4;54,41;85;1;27;1;370;29,83;16,84;17,6;
1;4;54,41;85;1;28;1;370;29,83;16,84;19,05;
1;4;54,41;85;1;29;1;370;29,83;16,84;18,4;
1;4;54,41;85;1;30;1;370;29,83;16,84;20,45;29,6
1;4;54,41;85;1;31;1;370;29,83;16,84;0;
1;4;54,41;85;1;32;1;370;29,83;16,84;17,5;
1;4;54,41;85;1;33;1;370;29,83;16,84;15,65;
1;4;54,41;85;1;34;1;370;29,83;16,84;0;
1;4;54,41;85;1;35;1;370;29,83;16,84;22;30,3
1;4;54,41;85;1;36;1;370;29,83;16,84;0;
1;4;54,41;85;1;37;1;370;29,83;16,84;13,7;
1;4;54,41;85;1;38;1;370;29,83;16,84;18,4;
1;4;54,41;85;1;39;1;370;29,83;16,84;18,05;
1;4;54,41;85;1;40;1;370;29,83;16,84;15,5;
1;4;54,41;85;1;41;1;370;29,83;16,84;19,4;29,6
1;4;54,41;85;1;42;1;370;29,83;16,84;0;
1;4;54,41;85;1;43;1;370;29,83;16,84;13,4;
1;4;54,41;85;1;44;1;370;29,83;16,84;19,3;30
1;4;54,41;85;1;45;1;370;29,83;16,84;16,9;
1;4;54,41;85;1;46;1;370;29,83;16,84;18,9;
1;4;54,41;85;1;47;1;370;29,83;16,84;16,2;
1;4;54,41;85;1;48;1;370;29,83;16,84;16,5;
1;4;54,41;85;1;49;1;370;29,83;16,84;14,35;
1;4;54,41;86;1;1;1;370;26,5;14,78;14,8;25,8
1;4;54,41;86;1;2;1;370;26,5;14,78;14,85;26,2
1;4;54,41;86;1;3;1;370;26,5;14,78;15,1;25,3
1;4;54,41;86;1;4;1;370;26,5;14,78;10,15;19,6
1;4;54,41;86;1;5;1;370;26,5;14,78;9,35;18,7
1;4;54,41;86;1;6;1;370;26,5;14,78;15,85;
1;4;54,41;86;1;7;1;370;26,5;14,78;13,65;
1;4;54,41;86;1;8;1;370;26,5;14,78;15,95;
1;4;54,41;86;1;9;1;370;26,5;14,78;0;
1;4;54,41;86;1;10;1;370;26,5;14,78;15;
1;4;54,41;86;1;11;1;370;26,5;14,78;14,3;
1;4;54,41;86;1;12;1;370;26,5;14,78;15,75;
1;4;54,41;86;1;13;1;370;26,5;14,78;13,7;
1;4;54,41;86;1;14;1;370;26,5;14,78;13,1;
1;4;54,41;86;1;15;1;370;26,5;14,78;16,25;
1;4;54,41;86;1;16;1;370;26,5;14,78;15,2;
1;4;54,41;86;1;17;1;370;26,5;14,78;15,35;
1;4;54,41;86;1;18;1;370;26,5;14,78;13,8;
1;4;54,41;86;1;19;1;370;26,5;14,78;16,85;26,3
1;4;54,41;86;1;20;1;370;26,5;14,78;15,9;
1;4;54,41;86;1;21;1;370;26,5;14,78;13,95;
1;4;54,41;86;1;22;1;370;26,5;14,78;13,7;
1;4;54,41;86;1;23;1;370;26,5;14,78;15,9;
1;4;54,41;86;1;24;1;370;26,5;14,78;15,5;
1;4;54,41;86;1;25;1;370;26,5;14,78;15,05;
1;4;54,41;86;1;26;1;370;26,5;14,78;15,4;
1;4;54,41;86;1;27;1;370;26,5;14,78;16,4;
1;4;54,41;86;1;28;1;370;26,5;14,78;16,25;
1;4;54,41;86;1;29;1;370;26,5;14,78;17,2;27,2
1;4;54,41;86;1;30;1;370;26,5;14,78;14,35;
1;4;54,41;86;1;31;1;370;26,5;14,78;16,4;
1;4;54,41;86;1;32;1;370;26,5;14,78;12,75;
1;4;54,41;86;1;33;1;370;26,5;14,78;11,8;
1;4;54,41;86;1;34;1;370;26,5;14,78;13,9;
1;4;54,41;86;1;35;1;370;26,5;14,78;12,7;
1;4;54,41;86;1;36;1;370;26,5;14,78;14,1;
1;4;54,41;86;1;37;1;370;26,5;14,78;15,9;
1;4;54,41;86;1;38;1;370;26,5;14,78;12,25;
1;4;54,41;86;1;39;1;370;26,5;14,78;12,6;
1;4;54,41;86;1;40;1;370;26,5;14,78;14,95;
1;4;54,41;86;1;41;1;370;26,5;14,78;15,15;
1;4;54,41;86;1;42;1;370;26,5;14,78;16,35;
1;4;54,41;86;1;43;1;370;26,5;14,78;15,05;
1;4;54,41;86;1;44;1;370;26,5;14,78;16,2;
1;4;54,41;86;1;45;1;370;26,5;14,78;16,25;
1;4;54,41;86;1;46;1;370;26,5;14,78;15,9;
1;4;54,41;86;1;47;1;370;26,5;14,78;16,5;26
1;4;54,41;86;1;48;1;370;26,5;14,78;15,45;
1;4;54,41;86;1;49;1;370;26,5;14,78;11,95;
1;4;54,41;87;1;1;1;370;27,6;15,47;15,9;26,3
1;4;54,41;87;1;2;1;370;27,6;15,47;12,7;24,3
1;4;54,41;87;1;3;1;370;27,6;15,47;12,3;23,2
1;4;54,41;87;1;4;1;370;27,6;15,47;16,2;26,1
1;4;54,41;87;1;5;1;370;27,6;15,47;15,95;25,9
1;4;54,41;87;1;6;1;370;27,6;15,47;15;
1;4;54,41;87;1;7;1;370;27,6;15,47;16,2;
1;4;54,41;87;1;8;1;370;27,6;15,47;11,4;
1;4;54,41;87;1;9;1;370;27,6;15,47;17;
1;4;54,41;87;1;10;1;370;27,6;15,47;15,65;
1;4;54,41;87;1;11;1;370;27,6;15,47;17,05;
1;4;54,41;87;1;12;1;370;27,6;15,47;14;
1;4;54,41;87;1;13;1;370;27,6;15,47;17,9;27,9
1;4;54,41;87;1;14;1;370;27,6;15,47;16,05;
1;4;54,41;87;1;15;1;370;27,6;15,47;14,9;
1;4;54,41;87;1;16;1;370;27,6;15,47;15,8;
1;4;54,41;87;1;17;1;370;27,6;15,47;16,75;
1;4;54,41;87;1;18;1;370;27,6;15,47;15,85;
1;4;54,41;87;1;19;1;370;27,6;15,47;13,65;
1;4;54,41;87;1;20;1;370;27,6;15,47;17,25;
1;4;54,41;87;1;21;1;370;27,6;15,47;14,3;
1;4;54,41;87;1;22;1;370;27,6;15,47;17,3;
1;4;54,41;87;1;23;1;370;27,6;15,47;14,55;
1;4;54,41;87;1;24;1;370;27,6;15,47;16,85;
1;4;54,41;87;1;25;1;370;27,6;15,47;17,2;
1;4;54,41;87;1;26;1;370;27,6;15,47;16,65;
1;4;54,41;87;1;27;1;370;27,6;15,47;15,05;
1;4;54,41;87;1;28;1;370;27,6;15,47;13,5;
1;4;54,41;87;1;29;1;370;27,6;15,47;16,45;
1;4;54,41;87;1;30;1;370;27,6;15,47;14;
1;4;54,41;87;1;31;1;370;27,6;15,47;15,9;
1;4;54,41;87;1;32;1;370;27,6;15,47;15,95;
1;4;54,41;87;1;33;1;370;27,6;15,47;17,35;
1;4;54,41;87;1;34;1;370;27,6;15,47;11,55;
1;4;54,41;87;1;35;1;370;27,6;15,47;15,75;
1;4;54,41;87;1;36;1;370;27,6;15,47;14,5;
1;4;54,41;87;1;37;1;370;27,6;15,47;16,2;
1;4;54,41;87;1;38;1;370;27,6;15,47;17,8;27,6
1;4;54,41;87;1;39;1;370;27,6;15,47;10,35;
1;4;54,41;87;1;40;1;370;27,6;15,47;17,75;27,3
1;4;54,41;87;1;41;1;370;27,6;15,47;17,2;
1;4;54,41;87;1;42;1;370;27,6;15,47;15,4;
1;4;54,41;87;1;43;1;370;27,6;15,47;13,95;
1;4;54,41;87;1;44;1;370;27,6;15,47;17,05;
1;4;54,41;87;1;45;1;370;27,6;15,47;14,5;
1;4;54,41;87;1;46;1;370;27,6;15,47;15,05;
1;4;54,41;87;1;47;1;370;27,6;15,47;14,1;
1;4;54,41;87;1;48;1;370;27,6;15,47;15,35;
1;4;54,41;87;1;49;1;370;27,6;15,47;16,55;
1;4;54,41;87;1;50;1;370;27,6;15,47;12,85;
1;4;54,41;88;1;1;1;370;25,77;15,11;16,25;24,3
1;4;54,41;88;1;2;1;370;25,77;15,11;15,65;25,1
1;4;54,41;88;1;3;1;370;25,77;15,11;15,15;24,4
1;4;54,41;88;1;4;1;370;25,77;15,11;13,75;23,3
1;4;54,41;88;1;5;1;370;25,77;15,11;15,2;24,5
1;4;54,41;88;1;6;1;370;25,77;15,11;12,7;
1;4;54,41;88;1;7;1;370;25,77;15,11;16,4;
1;4;54,41;88;1;8;1;370;25,77;15,11;0;
1;4;54,41;88;1;9;1;370;25,77;15,11;17,95;26
1;4;54,41;88;1;10;1;370;25,77;15,11;15,1;
1;4;54,41;88;1;11;1;370;25,77;15,11;15,9;
1;4;54,41;88;1;12;1;370;25,77;15,11;14,75;
1;4;54,41;88;1;13;1;370;25,77;15,11;15;
1;4;54,41;88;1;14;1;370;25,77;15,11;16,2;
1;4;54,41;88;1;15;1;370;25,77;15,11;15,75;
1;4;54,41;88;1;16;1;370;25,77;15,11;13,6;
1;4;54,41;88;1;17;1;370;25,77;15,11;16,1;
1;4;54,41;88;1;18;1;370;25,77;15,11;12,1;
1;4;54,41;88;1;19;1;370;25,77;15,11;15,95;
1;4;54,41;88;1;20;1;370;25,77;15,11;13,75;
1;4;54,41;88;1;21;1;370;25,77;15,11;14,9;
1;4;54,41;88;1;22;1;370;25,77;15,11;15,9;
1;4;54,41;88;1;23;1;370;25,77;15,11;16,65;25,5
1;4;54,41;88;1;24;1;370;25,77;15,11;14,4;
1;4;54,41;88;1;25;1;370;25,77;15,11;0;
1;4;54,41;88;1;26;1;370;25,77;15,11;14,85;
1;4;54,41;88;1;27;1;370;25,77;15,11;14,6;
1;4;54,41;88;1;28;1;370;25,77;15,11;13,25;
1;4;54,41;88;1;29;1;370;25,77;15,11;16,15;
1;4;54,41;88;1;30;1;370;25,77;15,11;15,5;
1;4;54,41;88;1;31;1;370;25,77;15,11;12,6;
1;4;54,41;88;1;32;1;370;25,77;15,11;16,45;
1;4;54,41;88;1;33;1;370;25,77;15,11;14,85;
1;4;54,41;88;1;34;1;370;25,77;15,11;15,25;
1;4;54,41;88;1;35;1;370;25,77;15,11;16,5;
1;4;54,41;88;1;36;1;370;25,77;15,11;12,15;
1;4;54,41;88;1;37;1;370;25,77;15,11;16,25;
1;4;54,41;88;1;38;1;370;25,77;15,11;13,9;
1;4;54,41;88;1;39;1;370;25,77;15,11;15;
1;4;54,41;88;1;40;1;370;25,77;15,11;13,75;
1;4;54,41;88;1;41;1;370;25,77;15,11;16,05;
1;4;54,41;88;1;42;1;370;25,77;15,11;15,75;
1;4;54,41;88;1;43;1;370;25,77;15,11;14,8;
1;4;54,41;88;1;44;1;370;25,77;15,11;17,8;25,8
1;4;54,41;88;1;45;1;370;25,77;15,11;8,4;
1;4;54,41;88;1;46;1;370;25,77;15,11;16,1;
1;4;54,41;88;1;47;1;370;25,77;15,11;15,15;
1;4;54,41;88;1;48;1;370;25,77;15,11;15,55;
1;4;54,41;88;1;49;1;370;25,77;15,11;16;
1;4;54,41;88;1;50;1;370;25,77;15,11;15,35;
1;5;45,97;105;1;1;1;370;31,9;16,44;12;22
1;5;45,97;105;1;2;1;370;31,9;16,44;6,1;
1;5;45,97;105;1;3;1;370;31,9;16,44;11,5;21,9
1;5;45,97;105;1;4;1;370;31,9;16,44;0;
1;5;45,97;105;1;5;1;370;31,9;16,44;17,9;30,4
1;5;45,97;105;1;6;1;370;31,9;16,44;12,15;22,7
1;5;45,97;105;1;7;1;370;31,9;16,44;16,2;
1;5;45,97;105;1;8;1;370;31,9;16,44;11,15;
1;5;45,97;105;1;9;1;370;31,9;16,44;14,45;
1;5;45,97;105;1;10;1;370;31,9;16,44;21,35;
1;5;45,97;105;1;11;1;370;31,9;16,44;6,7;
1;5;45,97;105;1;12;1;370;31,9;16,44;21,2;
1;5;45,97;105;1;13;1;370;31,9;16,44;9,5;
1;5;45,97;105;1;14;1;370;31,9;16,44;18,85;
1;5;45,97;105;1;15;1;370;31,9;16,44;16,5;
1;5;45,97;105;1;16;1;370;31,9;16,44;20,45;
1;5;45,97;105;1;17;1;370;31,9;16,44;8,6;
1;5;45,97;105;1;18;1;370;31,9;16,44;17,05;
1;5;45,97;105;1;19;1;370;31,9;16,44;19,8;
1;5;45,97;105;1;20;1;370;31,9;16,44;18,25;
1;5;45,97;105;1;21;1;370;31,9;16,44;12,8;
1;5;45,97;105;1;22;1;370;31,9;16,44;17,9;
1;5;45,97;105;1;23;1;370;31,9;16,44;7,25;
1;5;45,97;105;1;24;1;370;31,9;16,44;15,3;
1;5;45,97;105;1;25;1;370;31,9;16,44;17,85;
1;5;45,97;105;1;26;1;370;31,9;16,44;20,4;
1;5;45,97;105;1;27;1;370;31,9;16,44;14,45;
1;5;45,97;105;1;28;1;370;31,9;16,44;8,4;
1;5;45,97;105;1;29;1;370;31,9;16,44;7,5;
1;5;45,97;105;1;30;1;370;31,9;16,44;20,7;
1;5;45,97;105;1;31;1;370;31,9;16,44;20,85;
1;5;45,97;105;1;32;1;370;31,9;16,44;0;
1;5;45,97;105;1;33;1;370;31,9;16,44;20,5;
1;5;45,97;105;1;34;1;370;31,9;16,44;0;
1;5;45,97;105;1;35;1;370;31,9;16,44;15,4;
1;5;45,97;105;1;36;1;370;31,9;16,44;21,7;31,8
1;5;45,97;105;1;37;1;370;31,9;16,44;17,55;
1;5;45,97;105;1;38;1;370;31,9;16,44;22,2;32
1;5;45,97;105;1;39;1;370;31,9;16,44;17,45;
1;5;45,97;105;1;40;1;370;31,9;16,44;21,5;31,7
1;5;45,97;105;1;41;1;370;31,9;16,44;8;
1;5;45,97;105;1;42;1;370;31,9;16,44;5,95;
1;5;45,97;105;1;43;1;370;31,9;16,44;0;
1;5;45,97;105;1;44;1;370;31,9;16,44;17,6;
1;5;45,97;105;1;45;1;370;31,9;16,44;19,3;
1;5;45,97;105;1;46;1;370;31,9;16,44;17,75;
1;5;45,97;105;1;47;1;370;31,9;16,44;19,3;
1;5;45,97;105;1;48;1;370;31,9;16,44;18,9;
1;5;45,97;105;1;49;1;370;31,9;16,44;18,3;
1;5;45,97;105;1;50;1;370;31,9;16,44;18;
1;5;45,97;106;1;1;1;370;31,38;18,1;20,45;28,2
1;5;45,97;106;1;2;1;370;31,38;18,1;0;
1;5;45,97;106;1;3;1;370;31,38;18,1;17,2;27,9
1;5;45,97;106;1;4;1;370;31,38;18,1;15,4;27
1;5;45,97;106;1;5;1;370;31,38;18,1;20,7;28,2
1;5;45,97;106;1;6;1;370;31,38;18,1;0;
1;5;45,97;106;1;7;1;370;31,38;18,1;16,9;
1;5;45,97;106;1;8;1;370;31,38;18,1;17,4;
1;5;45,97;106;1;9;1;370;31,38;18,1;11,3;
1;5;45,97;106;1;10;1;370;31,38;18,1;11,65;
1;5;45,97;106;1;11;1;370;31,38;18,1;18,7;
1;5;45,97;106;1;12;1;370;31,38;18,1;23,15;31,2
1;5;45,97;106;1;13;1;370;31,38;18,1;16,35;
1;5;45,97;106;1;14;1;370;31,38;18,1;14,45;
1;5;45,97;106;1;15;1;370;31,38;18,1;17,95;
1;5;45,97;106;1;16;1;370;31,38;18,1;17,1;
1;5;45,97;106;1;17;1;370;31,38;18,1;0;
1;5;45,97;106;1;18;1;370;31,38;18,1;22,4;30,5
1;5;45,97;106;1;19;1;370;31,38;18,1;0;
1;5;45,97;106;1;20;1;370;31,38;18,1;15,4;
1;5;45,97;106;1;21;1;370;31,38;18,1;9,15;
1;5;45,97;106;1;22;1;370;31,38;18,1;20,1;
1;5;45,97;106;1;23;1;370;31,38;18,1;22,3;31,6
1;5;45,97;106;1;24;1;370;31,38;18,1;0;
1;5;45,97;106;1;25;1;370;31,38;18,1;21,5;
1;5;45,97;106;1;26;1;370;31,38;18,1;21,35;
1;5;45,97;106;1;27;1;370;31,38;18,1;7,55;
1;5;45,97;106;1;28;1;370;31,38;18,1;12,6;
1;5;45,97;106;1;29;1;370;31,38;18,1;0;
1;5;45,97;106;1;30;1;370;31,38;18,1;16,35;
1;5;45,97;106;1;31;1;370;31,38;18,1;16,9;
1;5;45,97;106;1;32;1;370;31,38;18,1;23,25;32,2
1;5;45,97;106;1;33;1;370;31,38;18,1;0;
1;5;45,97;106;1;34;1;370;31,38;18,1;0;
1;5;45,97;106;1;35;1;370;31,38;18,1;20,2;
1;5;45,97;106;1;36;1;370;31,38;18,1;20,55;
1;5;45,97;106;1;37;1;370;31,38;18,1;14,05;
1;5;45,97;106;1;38;1;370;31,38;18,1;0;
1;5;45,97;106;1;39;1;370;31,38;18,1;19,1;
1;5;45,97;106;1;40;1;370;31,38;18,1;18,95;
1;5;45,97;106;1;41;1;370;31,38;18,1;0;
1;5;45,97;106;1;42;1;370;31,38;18,1;20,35;
1;5;45,97;106;1;43;1;370;31,38;18,1;20,65;
1;5;45,97;106;1;44;1;370;31,38;18,1;0;
1;5;45,97;106;1;45;1;370;31,38;18,1;19,35;
1;5;45,97;106;1;46;1;370;31,38;18,1;19,6;
1;5;45,97;106;1;47;1;370;31,38;18,1;15,1;
1;5;45,97;106;1;48;1;370;31,38;18,1;17,65;
1;5;45,97;106;1;49;1;370;31,38;18,1;18,35;
1;5;45,97;106;1;50;1;370;31,38;18,1;20,35;
1;5;45,97;106;1;51;1;370;31,38;18,1;17,4;
1;5;45,97;107;1;1;1;370;32,4;17,49;20,65;30,5
1;5;45,97;107;1;2;1;370;32,4;17,49;17,55;28
1;5;45,97;107;1;3;1;370;32,4;17,49;14,1;22,5
1;5;45,97;107;1;4;1;370;32,4;17,49;0;
1;5;45,97;107;1;5;1;370;32,4;17,49;0;
1;5;45,97;107;1;6;1;370;32,4;17,49;14,35;22,4
1;5;45,97;107;1;7;1;370;32,4;17,49;22,55;30,7
1;5;45,97;107;1;8;1;370;32,4;17,49;17,05;
1;5;45,97;107;1;9;1;370;32,4;17,49;19,9;
1;5;45,97;107;1;10;1;370;32,4;17,49;13,65;
1;5;45,97;107;1;11;1;370;32,4;17,49;20,9;
1;5;45,97;107;1;12;1;370;32,4;17,49;12,95;
1;5;45,97;107;1;13;1;370;32,4;17,49;21,1;
1;5;45,97;107;1;14;1;370;32,4;17,49;0;
1;5;45,97;107;1;15;1;370;32,4;17,49;20,2;
1;5;45,97;107;1;16;1;370;32,4;17,49;23,15;
1;5;45,97;107;1;17;1;370;32,4;17,49;22,4;
1;5;45,97;107;1;18;1;370;32,4;17,49;0;
1;5;45,97;107;1;19;1;370;32,4;17,49;20,75;
1;5;45,97;107;1;20;1;370;32,4;17,49;19,15;
1;5;45,97;107;1;21;1;370;32,4;17,49;11,55;
1;5;45,97;107;1;22;1;370;32,4;17,49;12,25;
1;5;45,97;107;1;23;1;370;32,4;17,49;13,85;
1;5;45,97;107;1;24;1;370;32,4;17,49;0;
1;5;45,97;107;1;25;1;370;32,4;17,49;0;
1;5;45,97;107;1;26;1;370;32,4;17,49;18;
1;5;45,97;107;1;27;1;370;32,4;17,49;0;
1;5;45,97;107;1;28;1;370;32,4;17,49;0;
1;5;45,97;107;1;29;1;370;32,4;17,49;12,05;
1;5;45,97;107;1;30;1;370;32,4;17,49;6,35;
1;5;45,97;107;1;31;1;370;32,4;17,49;10;
1;5;45,97;107;1;32;1;370;32,4;17,49;19,75;
1;5;45,97;107;1;33;1;370;32,4;17,49;21,4;
1;5;45,97;107;1;34;1;370;32,4;17,49;21,05;
1;5;45,97;107;1;35;1;370;32,4;17,49;16,6;
1;5;45,97;107;1;36;1;370;32,4;17,49;21,6;
1;5;45,97;107;1;37;1;370;32,4;17,49;22,15;
1;5;45,97;107;1;38;1;370;32,4;17,49;21,45;
1;5;45,97;107;1;39;1;370;32,4;17,49;18,2;
1;5;45,97;107;1;40;1;370;32,4;17,49;7,4;
1;5;45,97;107;1;41;1;370;32,4;17,49;18,25;
1;5;45,97;107;1;42;1;370;32,4;17,49;11,5;
1;5;45,97;107;1;43;1;370;32,4;17,49;19,35;
1;5;45,97;107;1;44;1;370;32,4;17,49;18,3;
1;5;45,97;107;1;45;1;370;32,4;17,49;19,5;
1;5;45,97;107;1;46;1;370;32,4;17,49;19,45;
1;5;45,97;107;1;47;1;370;32,4;17,49;0;
1;5;45,97;107;1;48;1;370;32,4;17,49;12,25;
1;5;45,97;107;1;49;1;370;32,4;17,49;13,2;
1;5;45,97;107;1;50;1;370;32,4;17,49;9,55;
1;5;45,97;107;1;51;1;370;32,4;17,49;15,15;
1;5;45,97;108;1;1;1;370;29,47;15;20;28
1;5;45,97;108;1;2;1;370;29,47;15;20,4;29
1;5;45,97;108;1;3;1;370;29,47;15;0;
1;5;45,97;108;1;4;1;370;29,47;15;20,55;28,9
1;5;45,97;108;1;5;1;370;29,47;15;10,05;19,5
1;5;45,97;108;1;6;1;370;29,47;15;19,45;28,5
1;5;45,97;108;1;7;1;370;29,47;15;10,85;
1;5;45,97;108;1;8;1;370;29,47;15;17,95;
1;5;45,97;108;1;9;1;370;29,47;15;15,65;
1;5;45,97;108;1;10;1;370;29,47;15;17,45;
1;5;45,97;108;1;11;1;370;29,47;15;13,4;
1;5;45,97;108;1;12;1;370;29,47;15;17,65;
1;5;45,97;108;1;13;1;370;29,47;15;17,35;
1;5;45,97;108;1;14;1;370;29,47;15;14,25;
1;5;45,97;108;1;15;1;370;29,47;15;10,5;
1;5;45,97;108;1;16;1;370;29,47;15;7,55;
1;5;45,97;108;1;17;1;370;29,47;15;13,35;
1;5;45,97;108;1;18;1;370;29,47;15;18,2;
1;5;45,97;108;1;19;1;370;29,47;15;17,65;
1;5;45,97;108;1;20;1;370;29,47;15;20,5;30,5
1;5;45,97;108;1;21;1;370;29,47;15;11,05;
1;5;45,97;108;1;22;1;370;29,47;15;17,3;
1;5;45,97;108;1;23;1;370;29,47;15;10,55;
1;5;45,97;108;1;24;1;370;29,47;15;12;
1;5;45,97;108;1;25;1;370;29,47;15;9,35;
1;5;45,97;108;1;26;1;370;29,47;15;16,1;
1;5;45,97;108;1;27;1;370;29,47;15;7,7;
1;5;45,97;108;1;28;1;370;29,47;15;18,9;
1;5;45,97;108;1;29;1;370;29,47;15;14,8;
1;5;45,97;108;1;30;1;370;29,47;15;15,95;
1;5;45,97;108;1;31;1;370;29,47;15;16,55;
1;5;45,97;108;1;32;1;370;29,47;15;8,65;
1;5;45,97;108;1;33;1;370;29,47;15;10,4;
1;5;45,97;108;1;34;1;370;29,47;15;19,15;
1;5;45,97;108;1;35;1;370;29,47;15;5,75;
1;5;45,97;108;1;36;1;370;29,47;15;6,2;
1;5;45,97;108;1;37;1;370;29,47;15;16,85;
1;5;45,97;108;1;38;1;370;29,47;15;19,15;
1;5;45,97;108;1;39;1;370;29,47;15;17,45;
1;5;45,97;108;1;40;1;370;29,47;15;11,5;
1;5;45,97;108;1;41;1;370;29,47;15;12,1;
1;5;45,97;108;1;42;1;370;29,47;15;8,75;
1;5;45,97;108;1;43;1;370;29,47;15;12,65;
1;5;45,97;108;1;44;1;370;29,47;15;7,8;
1;5;45,97;108;1;45;1;370;29,47;15;17,2;
1;5;45,97;108;1;46;1;370;29,47;15;19,9;
1;5;45,97;108;1;47;1;370;29,47;15;13;
1;5;45,97;108;1;48;1;370;29,47;15;11,2;
1;5;45,97;108;1;49;1;370;29,47;15;19,15;
1;5;45,97;108;1;50;1;370;29,47;15;14,95;
1;5;45,97;109;1;1;1;370;27,77;15,81;0;
1;5;45,97;109;1;2;1;370;27,77;15,81;13,6;24,3
1;5;45,97;109;1;3;1;370;27,77;15,81;16,25;25,3
1;5;45,97;109;1;4;1;370;27,77;15,81;7,25;13,5
1;5;45,97;109;1;5;1;370;27,77;15,81;19,95;27,5
1;5;45,97;109;1;6;1;370;27,77;15,81;13,05;22,3
1;5;45,97;109;1;7;1;370;27,77;15,81;12,85;
1;5;45,97;109;1;8;1;370;27,77;15,81;12,4;
1;5;45,97;109;1;9;1;370;27,77;15,81;16,05;
1;5;45,97;109;1;10;1;370;27,77;15,81;15,95;
1;5;45,97;109;1;11;1;370;27,77;15,81;16,95;
1;5;45,97;109;1;12;1;370;27,77;15,81;13,75;
1;5;45,97;109;1;13;1;370;27,77;15,81;18,5;
1;5;45,97;109;1;14;1;370;27,77;15,81;18,2;
1;5;45,97;109;1;15;1;370;27,77;15,81;0;
1;5;45,97;109;1;16;1;370;27,77;15,81;17,15;
1;5;45,97;109;1;17;1;370;27,77;15,81;15,75;
1;5;45,97;109;1;18;1;370;27,77;15,81;18,25;
1;5;45,97;109;1;19;1;370;27,77;15,81;15,55;
1;5;45,97;109;1;20;1;370;27,77;15,81;17,05;
1;5;45,97;109;1;21;1;370;27,77;15,81;17,3;
1;5;45,97;109;1;22;1;370;27,77;15,81;15,75;
1;5;45,97;109;1;23;1;370;27,77;15,81;17;
1;5;45,97;109;1;24;1;370;27,77;15,81;8,2;
1;5;45,97;109;1;25;1;370;27,77;15,81;12,85;
1;5;45,97;109;1;26;1;370;27,77;15,81;18,95;
1;5;45,97;109;1;27;1;370;27,77;15,81;16,5;
1;5;45,97;109;1;28;1;370;27,77;15,81;17,85;
1;5;45,97;109;1;29;1;370;27,77;15,81;16,35;
1;5;45,97;109;1;30;1;370;27,77;15,81;12,65;
1;5;45,97;109;1;31;1;370;27,77;15,81;15,95;
1;5;45,97;109;1;32;1;370;27,77;15,81;15,75;
1;5;45,97;109;1;33;1;370;27,77;15,81;16,75;
1;5;45,97;109;1;34;1;370;27,77;15,81;19,25;27,8
1;5;45,97;109;1;35;1;370;27,77;15,81;7,65;
1;5;45,97;109;1;36;1;370;27,77;15,81;17;
1;5;45,97;109;1;37;1;370;27,77;15,81;16;
1;5;45,97;109;1;38;1;370;27,77;15,81;17,65;
1;5;45,97;109;1;39;1;370;27,77;15,81;16,15;
1;5;45,97;109;1;40;1;370;27,77;15,81;17,5;
1;5;45,97;109;1;41;1;370;27,77;15,81;16,55;
1;5;45,97;109;1;42;1;370;27,77;15,81;17,35;
1;5;45,97;109;1;43;1;370;27,77;15,81;19,05;28
1;5;45,97;109;1;44;1;370;27,77;15,81;13,9;
1;5;45,97;109;1;45;1;370;27,77;15,81;0;
1;5;45,97;109;1;46;1;370;27,77;15,81;7,25;
1;5;45,97;109;1;47;1;370;27,77;15,81;0;
1;5;45,97;109;1;48;1;370;27,77;15,81;0;
1;5;45,97;109;1;49;1;370;27,77;15,81;0;
1;5;45,97;109;1;50;1;370;27,77;15,81;16,35;
1;6;69,17;128;1;1;1;370;28,3;14,84;14,45;25,9
1;6;69,17;128;1;2;1;370;28,3;14,84;15,95;27
1;6;69,17;128;1;3;1;370;28,3;14,84;14,5;25,8
1;6;69,17;128;1;4;1;370;28,3;14,84;14,7;26,6
1;6;69,17;128;1;5;1;370;28,3;14,84;13,55;25,2
1;6;69,17;128;1;6;1;370;28,3;14,84;14,35;
1;6;69,17;128;1;7;1;370;28,3;14,84;15,65;
1;6;69,17;128;1;8;1;370;28,3;14,84;15,4;
1;6;69,17;128;1;9;1;370;28,3;14,84;5,25;
1;6;69,17;128;1;10;1;370;28,3;14,84;17,5;27,9
1;6;69,17;128;1;11;1;370;28,3;14,84;0;
1;6;69,17;128;1;12;1;370;28,3;14,84;10,45;
1;6;69,17;128;1;12;2;370;28,3;14,84;10,95;
1;6;69,17;128;1;13;1;370;28,3;14,84;14,9;
1;6;69,17;128;1;14;1;370;28,3;14,84;17,15;
1;6;69,17;128;1;15;1;370;28,3;14,84;16,05;
1;6;69,17;128;1;16;1;370;28,3;14,84;16,85;
1;6;69,17;128;1;17;1;370;28,3;14,84;14,85;
1;6;69,17;128;1;18;1;370;28,3;14,84;12,2;
1;6;69,17;128;1;19;1;370;28,3;14,84;14,55;
1;6;69,17;128;1;20;1;370;28,3;14,84;15,75;
1;6;69,17;128;1;21;1;370;28,3;14,84;15,6;
1;6;69,17;128;1;22;1;370;28,3;14,84;17,3;28
1;6;69,17;128;1;23;1;370;28,3;14,84;16;
1;6;69,17;128;1;24;1;370;28,3;14,84;16,1;
1;6;69,17;128;1;25;1;370;28,3;14,84;12,65;
1;6;69,17;128;1;26;1;370;28,3;14,84;17,55;28,1
1;6;69,17;128;1;27;1;370;28,3;14,84;5,95;
1;6;69,17;128;1;28;1;370;28,3;14,84;15;
1;6;69,17;128;1;29;1;370;28,3;14,84;14,8;
1;6;69,17;128;1;30;1;370;28,3;14,84;17,15;
1;6;69,17;128;1;31;1;370;28,3;14,84;17,65;28,2
1;6;69,17;128;1;32;1;370;28,3;14,84;14,5;
1;6;69,17;128;1;33;1;370;28,3;14,84;16,15;
1;6;69,17;128;1;34;1;370;28,3;14,84;15,5;
1;6;69,17;128;1;35;1;370;28,3;14,84;13,9;
1;6;69,17;128;1;36;1;370;28,3;14,84;16,35;
1;6;69,17;128;1;37;1;370;28,3;14,84;16,25;
1;6;69,17;128;1;38;1;370;28,3;14,84;12,3;
1;6;69,17;128;1;39;1;370;28,3;14,84;15,9;
1;6;69,17;128;1;40;1;370;28,3;14,84;16,45;
1;6;69,17;128;1;41;1;370;28,3;14,84;13,1;
1;6;69,17;128;1;42;1;370;28,3;14,84;13,85;
1;6;69,17;128;1;43;1;370;28,3;14,84;16,1;
1;6;69,17;128;1;44;1;370;28,3;14,84;7,4;
1;6;69,17;128;1;45;1;370;28,3;14,84;16,95;
1;6;69,17;128;1;46;1;370;28,3;14,84;13,9;
1;6;69,17;128;1;47;1;370;28,3;14,84;13,85;
1;6;69,17;128;1;48;1;370;28,3;14,84;17,8;28,6
1;6;69,17;128;1;49;1;370;28,3;14,84;14,1;
1;6;69,17;128;1;50;1;370;28,3;14,84;14,65;
1;6;69,17;129;1;1;1;370;28,47;15,97;11,05;20,3
1;6;69,17;129;1;2;1;370;28,47;15,97;9,4;18,3
1;6;69,17;129;1;3;1;370;28,47;15,97;15,9;26
1;6;69,17;129;1;4;1;370;28,47;15,97;18;27,8
1;6;69,17;129;1;5;1;370;28,47;15,97;19,95;27,6
1;6;69,17;129;1;6;1;370;28,47;15,97;13,25;
1;6;69,17;129;1;7;1;370;28,47;15,97;19,75;
1;6;69,17;129;1;8;1;370;28,47;15,97;12,8;
1;6;69,17;129;1;9;1;370;28,47;15,97;14,55;
1;6;69,17;129;1;10;1;370;28,47;15,97;22,3;28,9
1;6;69,17;129;1;11;1;370;28,47;15,97;10,85;
1;6;69,17;129;1;12;1;370;28,47;15,97;10,15;
1;6;69,17;129;1;13;1;370;28,47;15,97;0;
1;6;69,17;129;1;14;1;370;28,47;15,97;12,15;
1;6;69,17;129;1;15;1;370;28,47;15,97;11,25;
1;6;69,17;129;1;16;1;370;28,47;15,97;0;
1;6;69,17;129;1;17;1;370;28,47;15,97;8,3;
1;6;69,17;129;1;18;1;370;28,47;15,97;16;
1;6;69,17;129;1;19;1;370;28,47;15,97;15,5;
1;6;69,17;129;1;20;1;370;28,47;15,97;15,7;
1;6;69,17;129;1;21;1;370;28,47;15,97;18,95;
1;6;69,17;129;1;22;1;370;28,47;15,97;0;
1;6;69,17;129;1;23;1;370;28,47;15,97;17,05;
1;6;69,17;129;1;24;1;370;28,47;15,97;19,85;
1;6;69,17;129;1;25;1;370;28,47;15,97;16,3;
1;6;69,17;129;1;26;1;370;28,47;15,97;18,25;
1;6;69,17;129;1;27;1;370;28,47;15,97;20,15;27,8
1;6;69,17;129;1;28;1;370;28,47;15,97;13,35;
1;6;69,17;129;1;29;1;370;28,47;15,97;19,7;
1;6;69,17;129;1;30;1;370;28,47;15,97;19,6;
1;6;69,17;129;1;31;1;370;28,47;15,97;0;
1;6;69,17;129;1;32;1;370;28,47;15,97;0;
1;6;69,17;129;1;33;1;370;28,47;15,97;20,7;28,7
1;6;69,17;129;1;34;1;370;28,47;15,97;10,35;
1;6;69,17;129;1;35;1;370;28,47;15,97;18,3;
1;6;69,17;129;1;36;1;370;28,47;15,97;15,4;
1;6;69,17;129;1;37;1;370;28,47;15,97;11,9;
1;6;69,17;129;1;38;1;370;28,47;15,97;16,65;
1;6;69,17;129;1;39;1;370;28,47;15,97;17,25;
1;6;69,17;129;1;40;1;370;28,47;15,97;16,45;
1;6;69,17;129;1;41;1;370;28,47;15,97;17,35;
1;6;69,17;129;1;42;1;370;28,47;15,97;14,35;
1;6;69,17;129;1;43;1;370;28,47;15,97;15,75;
1;6;69,17;129;1;44;1;370;28,47;15,97;15,7;
1;6;69,17;129;1;45;1;370;28,47;15,97;0;
1;6;69,17;129;1;46;1;370;28,47;15,97;14,2;
1;6;69,17;129;1;47;1;370;28,47;15,97;16,05;
1;6;69,17;129;1;48;1;370;28,47;15,97;11,35;
1;6;69,17;129;1;49;1;370;28,47;15,97;18,75;
1;6;69,17;130;1;1;1;370;29,47;17,38;16,95;26,5
1;6;69,17;130;1;2;1;370;29,47;17,38;0;
1;6;69,17;130;1;3;1;370;29,47;17,38;19,35;27,8
1;6;69,17;130;1;4;1;370;29,47;17,38;13,75;
1;6;69,17;130;1;5;1;370;29,47;17,38;18,95;26,4
1;6;69,17;130;1;6;1;370;29,47;17,38;15,6;
1;6;69,17;130;1;7;1;370;29,47;17,38;23,1;28,5
1;6;69,17;130;1;8;1;370;29,47;17,38;19,35;
1;6;69,17;130;1;9;1;370;29,47;17,38;0;
1;6;69,17;130;1;10;1;370;29,47;17,38;21,9;29,4
1;6;69,17;130;1;11;1;370;29,47;17,38;21,9;30,5
1;6;69,17;130;1;12;1;370;29,47;17,38;14,1;
1;6;69,17;130;1;13;1;370;29,47;17,38;20,35;
1;6;69,17;130;1;14;1;370;29,47;17,38;0;
1;6;69,17;130;1;15;1;370;29,47;17,38;10,4;
1;6;69,17;130;1;16;1;370;29,47;17,38;13,7;
1;6;69,17;130;1;17;1;370;29,47;17,38;19,65;
1;6;69,17;130;1;18;1;370;29,47;17,38;19,4;
1;6;69,17;130;1;19;1;370;29,47;17,38;12,8;
1;6;69,17;130;1;20;1;370;29,47;17,38;12,85;
1;6;69,17;130;1;21;1;370;29,47;17,38;0;
1;6;69,17;130;1;22;1;370;29,47;17,38;15,15;
1;6;69,17;130;1;23;1;370;29,47;17,38;18,95;
1;6;69,17;130;1;24;1;370;29,47;17,38;14,3;
1;6;69,17;130;1;25;1;370;29,47;17,38;16,3;
1;6;69,17;130;1;26;1;370;29,47;17,38;19,2;
1;6;69,17;130;1;27;1;370;29,47;17,38;19,7;
1;6;69,17;130;1;28;1;370;29,47;17,38;19,15;
1;6;69,17;130;1;29;1;370;29,47;17,38;14,75;
1;6;69,17;130;1;30;1;370;29,47;17,38;19,6;
1;6;69,17;130;1;31;1;370;29,47;17,38;14,7;
1;6;69,17;130;1;32;1;370;29,47;17,38;20,7;
1;6;69,17;130;1;33;1;370;29,47;17,38;17,55;
1;6;69,17;130;1;34;1;370;29,47;17,38;11,95;
1;6;69,17;130;1;35;1;370;29,47;17,38;17,25;
1;6;69,17;130;1;36;1;370;29,47;17,38;0;
1;6;69,17;130;1;37;1;370;29,47;17,38;16,25;
1;6;69,17;130;1;38;1;370;29,47;17,38;14,25;
1;6;69,17;130;1;39;1;370;29,47;17,38;9,7;
1;6;69,17;130;1;40;1;370;29,47;17,38;18,45;
1;6;69,17;130;1;41;1;370;29,47;17,38;19,5;
1;6;69,17;130;1;42;1;370;29,47;17,38;15,65;
1;6;69,17;130;1;43;1;370;29,47;17,38;19,15;
1;6;69,17;130;1;44;1;370;29,47;17,38;19,5;
1;6;69,17;130;1;45;1;370;29,47;17,38;15,15;
1;6;69,17;130;1;46;1;370;29,47;17,38;16,3;
1;6;69,17;130;1;47;1;370;29,47;17,38;19,25;
1;6;69,17;130;1;48;1;370;29,47;17,38;18;
1;6;69,17;130;1;49;1;370;29,47;17,38;18,65;
1;6;69,17;130;1;50;1;370;29,47;17,38;14,75;
1;6;69,17;130;1;51;1;370;29,47;17,38;19,35;
1;6;69,17;131;1;1;1;370;30,67;16,3;12,6;22
1;6;69,17;131;1;2;1;370;30,67;16,3;19,65;29,8
1;6;69,17;131;1;3;1;370;30,67;16,3;20,9;30,4
1;6;69,17;131;1;4;1;370;30,67;16,3;11,85;22,8
1;6;69,17;131;1;5;1;370;30,67;16,3;19,4;29,5
1;6;69,17;131;1;6;1;370;30,67;16,3;13,3;
1;6;69,17;131;1;7;1;370;30,67;16,3;14,05;
1;6;69,17;131;1;8;1;370;30,67;16,3;16,95;
1;6;69,17;131;1;9;1;370;30,67;16,3;10,05;
1;6;69,17;131;1;10;1;370;30,67;16,3;8,45;
1;6;69,17;131;1;11;1;370;30,67;16,3;17,45;
1;6;69,17;131;1;12;1;370;30,67;16,3;21,05;
1;6;69,17;131;1;13;1;370;30,67;16,3;21,55;
1;6;69,17;131;1;14;1;370;30,67;16,3;13,45;
1;6;69,17;131;1;15;1;370;30,67;16,3;14,65;
1;6;69,17;131;1;16;1;370;30,67;16,3;16,05;
1;6;69,17;131;1;17;1;370;30,67;16,3;21;
1;6;69,17;131;1;18;1;370;30,67;16,3;22,35;31
1;6;69,17;131;1;19;1;370;30,67;16,3;11,05;
1;6;69,17;131;1;20;1;370;30,67;16,3;12,95;
1;6;69,17;131;1;21;1;370;30,67;16,3;14,75;
1;6;69,17;131;1;22;1;370;30,67;16,3;16,25;
1;6;69,17;131;1;23;1;370;30,67;16,3;16;
1;6;69,17;131;1;24;1;370;30,67;16,3;15,2;
1;6;69,17;131;1;25;1;370;30,67;16,3;14;
1;6;69,17;131;1;26;1;370;30,67;16,3;21,25;
1;6;69,17;131;1;27;1;370;30,67;16,3;0;
1;6;69,17;131;1;28;1;370;30,67;16,3;13,05;
1;6;69,17;131;1;29;1;370;30,67;16,3;19,15;
1;6;69,17;131;1;30;1;370;30,67;16,3;11,55;
1;6;69,17;131;1;31;1;370;30,67;16,3;11,1;
1;6;69,17;131;1;32;1;370;30,67;16,3;0;
1;6;69,17;131;1;33;1;370;30,67;16,3;17,7;
1;6;69,17;131;1;34;1;370;30,67;16,3;15,9;
1;6;69,17;131;1;35;1;370;30,67;16,3;17,2;
1;6;69,17;131;1;36;1;370;30,67;16,3;0;
1;6;69,17;131;1;37;1;370;30,67;16,3;16,9;
1;6;69,17;131;1;38;1;370;30,67;16,3;15,75;
1;6;69,17;131;1;39;1;370;30,67;16,3;21,55;30,7
1;6;69,17;131;1;40;1;370;30,67;16,3;7,6;
1;6;69,17;131;1;41;1;370;30,67;16,3;22;30,3
1;6;69,17;131;1;42;1;370;30,67;16,3;16,8;
1;6;69,17;131;1;43;1;370;30,67;16,3;16,65;
1;6;69,17;131;1;44;1;370;30,67;16,3;19,85;
1;6;69,17;131;1;45;1;370;30,67;16,3;9,4;
1;6;69,17;131;1;46;1;370;30,67;16,3;14;
1;6;69,17;131;1;47;1;370;30,67;16,3;14,55;
1;6;69,17;131;1;48;1;370;30,67;16,3;16,5;
1;6;69,17;132;1;1;1;370;30,5;15,72;15,25;27,4
1;6;69,17;132;1;2;1;370;30,5;15,72;10,6;22
1;6;69,17;132;1;3;1;370;30,5;15,72;19,9;29,5
1;6;69,17;132;1;4;1;370;30,5;15,72;20,1;30
1;6;69,17;132;1;5;1;370;30,5;15,72;0;
1;6;69,17;132;1;6;1;370;30,5;15,72;11,45;21,7
1;6;69,17;132;1;7;1;370;30,5;15,72;12,55;
1;6;69,17;132;1;8;1;370;30,5;15,72;14;
1;6;69,17;132;1;9;1;370;30,5;15,72;7,6;
1;6;69,17;132;1;10;1;370;30,5;15,72;19,25;
1;6;69,17;132;1;11;1;370;30,5;15,72;8,5;
1;6;69,17;132;1;12;1;370;30,5;15,72;17,8;
1;6;69,17;132;1;13;1;370;30,5;15,72;16,05;
1;6;69,17;132;1;14;1;370;30,5;15,72;17,65;
1;6;69,17;132;1;15;1;370;30,5;15,72;14,1;
1;6;69,17;132;1;16;1;370;30,5;15,72;7,9;
1;6;69,17;132;1;17;1;370;30,5;15,72;19,9;
1;6;69,17;132;1;18;1;370;30,5;15,72;20,95;31,1
1;6;69,17;132;1;19;1;370;30,5;15,72;14,45;
1;6;69,17;132;1;20;1;370;30,5;15,72;15,85;
1;6;69,17;132;1;21;1;370;30,5;15,72;17,65;
1;6;69,17;132;1;22;1;370;30,5;15,72;14,25;
1;6;69,17;132;1;23;1;370;30,5;15,72;17,25;
1;6;69,17;132;1;24;1;370;30,5;15,72;9,85;
1;6;69,17;132;1;25;1;370;30,5;15,72;18,3;
1;6;69,17;132;1;26;1;370;30,5;15,72;16,3;
1;6;69,17;132;1;27;1;370;30,5;15,72;16,75;
1;6;69,17;132;1;28;1;370;30,5;15,72;12,45;
1;6;69,17;132;1;29;1;370;30,5;15,72;18,9;
1;6;69,17;132;1;30;1;370;30,5;15,72;16,6;
1;6;69,17;132;1;31;1;370;30,5;15,72;11,65;
1;6;69,17;132;1;32;1;370;30,5;15,72;14,05;
1;6;69,17;132;1;33;1;370;30,5;15,72;0;
1;6;69,17;132;1;34;1;370;30,5;15,72;18,95;
1;6;69,17;132;1;35;1;370;30,5;15,72;0;
1;6;69,17;132;1;36;1;370;30,5;15,72;10,7;
1;6;69,17;132;1;37;1;370;30,5;15,72;20,55;
1;6;69,17;132;1;38;1;370;30,5;15,72;16,5;
1;6;69,17;132;1;39;1;370;30,5;15,72;10,35;
1;6;69,17;132;1;40;1;370;30,5;15,72;10,25;
1;6;69,17;132;1;41;1;370;30,5;15,72;16,5;
1;6;69,17;132;1;42;1;370;30,5;15,72;16,2;
1;6;69,17;132;1;43;1;370;30,5;15,72;15,1;
1;6;69,17;132;1;44;1;370;30,5;15,72;15,65;
1;6;69,17;132;1;45;1;370;30,5;15,72;20,9;30,5
1;6;69,17;132;1;46;1;370;30,5;15,72;17,25;
1;6;69,17;132;1;47;1;370;30,5;15,72;0;
1;6;69,17;132;1;48;1;370;30,5;15,72;16,45;
1;6;69,17;132;1;49;1;370;30,5;15,72;20,65;29,9
1;6;69,17;132;1;50;1;370;30,5;15,72;13,7;
1;6;69,17;132;1;51;1;370;30,5;15,72;10,8;
1;6;69,17;133;1;1;1;370;28,43;17,16;0;
1;6;69,17;133;1;2;1;370;28,43;17,16;16,6;27
1;6;69,17;133;1;3;1;370;28,43;17,16;20,05;28,2
1;6;69,17;133;1;4;1;370;28,43;17,16;0;
1;6;69,17;133;1;5;1;370;28,43;17,16;17;27
1;6;69,17;133;1;6;1;370;28,43;17,16;18,15;28,5
1;6;69,17;133;1;7;1;370;28,43;17,16;20,5;28,7
1;6;69,17;133;1;8;1;370;28,43;17,16;0;
1;6;69,17;133;1;9;1;370;28,43;17,16;19,35;
1;6;69,17;133;1;10;1;370;28,43;17,16;0;
1;6;69,17;133;1;11;1;370;28,43;17,16;17,25;
1;6;69,17;133;1;12;1;370;28,43;17,16;18,95;
1;6;69,17;133;1;13;1;370;28,43;17,16;15,25;
1;6;69,17;133;1;14;1;370;28,43;17,16;0;
1;6;69,17;133;1;15;1;370;28,43;17,16;15,35;
1;6;69,17;133;1;16;1;370;28,43;17,16;0;
1;6;69,17;133;1;17;1;370;28,43;17,16;18,25;
1;6;69,17;133;1;18;1;370;28,43;17,16;19,3;
1;6;69,17;133;1;19;1;370;28,43;17,16;14,05;
1;6;69,17;133;1;20;1;370;28,43;17,16;20,55;29
1;6;69,17;133;1;21;1;370;28,43;17,16;0;
1;6;69,17;133;1;22;1;370;28,43;17,16;16,8;
1;6;69,17;133;1;23;1;370;28,43;17,16;15,45;
1;6;69,17;133;1;24;1;370;28,43;17,16;12,4;
1;6;69,17;133;1;25;1;370;28,43;17,16;17,25;
1;6;69,17;133;1;26;1;370;28,43;17,16;20,5;28
1;6;69,17;133;1;27;1;370;28,43;17,16;0;
1;6;69,17;133;1;28;1;370;28,43;17,16;16,85;
1;6;69,17;133;1;29;1;370;28,43;17,16;15,05;
1;6;69,17;133;1;30;1;370;28,43;17,16;13,3;
1;6;69,17;133;1;31;1;370;28,43;17,16;16,45;
1;6;69,17;133;1;32;1;370;28,43;17,16;17,75;
1;6;69,17;133;1;33;1;370;28,43;17,16;21;28,3
1;6;69,17;133;1;34;1;370;28,43;17,16;18,7;
1;6;69,17;133;1;35;1;370;28,43;17,16;14,45;
1;6;69,17;133;1;36;1;370;28,43;17,16;19,1;
1;6;69,17;133;1;37;1;370;28,43;17,16;18,9;
1;6;69,17;133;1;38;1;370;28,43;17,16;16,7;
1;6;69,17;133;1;39;1;370;28,43;17,16;16,35;
1;6;69,17;133;1;40;1;370;28,43;17,16;16,65;
1;6;69,17;133;1;41;1;370;28,43;17,16;15,1;
1;6;69,17;133;1;42;1;370;28,43;17,16;0;
1;6;69,17;133;1;43;1;370;28,43;17,16;16,9;
1;6;69,17;133;1;44;1;370;28,43;17,16;0;
1;6;69,17;133;1;45;1;370;28,43;17,16;0;
1;6;69,17;133;1;46;1;370;28,43;17,16;18,5;
1;6;69,17;133;1;47;1;370;28,43;17,16;10,8;
1;6;69,17;133;1;48;1;370;28,43;17,16;13,2;
1;6;69,17;133;1;49;1;370;28,43;17,16;0;
1;6;69,17;134;1;1;1;370;27,77;15,93;17,05;25
1;6;69,17;134;1;2;1;370;27,77;15,93;10,65;20,8
1;6;69,17;134;1;3;1;370;27,77;15,93;17;26,1
1;6;69,17;134;1;4;1;370;27,77;15,93;0;
1;6;69,17;134;1;5;1;370;27,77;15,93;14;22,6
1;6;69,17;134;1;6;1;370;27,77;15,93;10,9;19,2
1;6;69,17;134;1;7;1;370;27,77;15,93;0;
1;6;69,17;134;1;8;1;370;27,77;15,93;0;
1;6;69,17;134;1;9;1;370;27,77;15,93;10,1;
1;6;69,17;134;1;10;1;370;27,77;15,93;20,45;27,5
1;6;69,17;134;1;11;1;370;27,77;15,93;14,2;
1;6;69,17;134;1;12;1;370;27,77;15,93;13,8;
1;6;69,17;134;1;13;1;370;27,77;15,93;17,95;
1;6;69,17;134;1;14;1;370;27,77;15,93;14,1;
1;6;69,17;134;1;15;1;370;27,77;15,93;17,5;
1;6;69,17;134;1;16;1;370;27,77;15,93;19,75;27,8
1;6;69,17;134;1;17;1;370;27,77;15,93;0;
1;6;69,17;134;1;18;1;370;27,77;15,93;18,6;
1;6;69,17;134;1;19;1;370;27,77;15,93;0;
1;6;69,17;134;1;20;1;370;27,77;15,93;17,05;
1;6;69,17;134;1;21;1;370;27,77;15,93;12,5;
1;6;69,17;134;1;22;1;370;27,77;15,93;12,6;
1;6;69,17;134;1;23;1;370;27,77;15,93;0;
1;6;69,17;134;1;24;1;370;27,77;15,93;0;
1;6;69,17;134;1;25;1;370;27,77;15,93;16,4;
1;6;69,17;134;1;26;1;370;27,77;15,93;13,15;
1;6;69,17;134;1;27;1;370;27,77;15,93;19,6;28
1;6;69,17;134;1;28;1;370;27,77;15,93;10,85;
1;6;69,17;134;1;29;1;370;27,77;15,93;13,75;
1;6;69,17;134;1;30;1;370;27,77;15,93;13,95;
1;6;69,17;134;1;31;1;370;27,77;15,93;18,7;
1;6;69,17;134;1;32;1;370;27,77;15,93;12,2;
1;6;69,17;134;1;33;1;370;27,77;15,93;0;
1;6;69,17;134;1;34;1;370;27,77;15,93;17,8;
1;6;69,17;134;1;35;1;370;27,77;15,93;15,4;
1;6;69,17;134;1;36;1;370;27,77;15,93;14,7;
1;6;69,17;134;1;37;1;370;27,77;15,93;0;
1;6;69,17;134;1;38;1;370;27,77;15,93;16,05;
1;6;69,17;134;1;39;1;370;27,77;15,93;0;
1;6;69,17;134;1;40;1;370;27,77;15,93;0;
1;6;69,17;134;1;41;1;370;27,77;15,93;18,6;
1;6;69,17;134;1;42;1;370;27,77;15,93;15,45;
1;6;69,17;134;1;43;1;370;27,77;15,93;16,5;
1;6;69,17;134;1;44;1;370;27,77;15,93;0;
1;6;69,17;134;1;45;1;370;27,77;15,93;16,85;
1;6;69,17;134;1;46;1;370;27,77;15,93;19,35;27,3
1;6;69,17;134;1;47;1;370;27,77;15,93;18,65;
1;6;69,17;134;1;48;1;370;27,77;15,93;18,25;
1;6;69,17;134;1;49;1;370;27,77;15,93;17,15;
1;6;69,17;134;1;50;1;370;27,77;15,93;11,2;
1;6;69,17;134;1;51;1;370;27,77;15,93;15,15;
1;6;69,17;134;1;52;1;370;27,77;15,93;19,1;
1;7;16;163;1;1;1;370;27,37;15,89;9;17,3
1;7;16;163;1;2;1;370;27,37;15,89;19,4;27
1;7;16;163;1;3;1;370;27,37;15,89;11,5;19,8
1;7;16;163;1;4;1;370;27,37;15,89;16,05;26
1;7;16;163;1;5;1;370;27,37;15,89;15,2;25,3
1;7;16;163;1;6;1;370;27,37;15,89;15,1;
1;7;16;163;1;7;1;370;27,37;15,89;19,35;27,3
1;7;16;163;1;8;1;370;27,37;15,89;14,65;
1;7;16;163;1;9;1;370;27,37;15,89;17,85;
1;7;16;163;1;10;1;370;27,37;15,89;16,75;
1;7;16;163;1;11;1;370;27,37;15,89;18,55;
1;7;16;163;1;12;1;370;27,37;15,89;11,15;
1;7;16;163;1;13;1;370;27,37;15,89;13;
1;7;16;163;1;14;1;370;27,37;15,89;19,95;27,8
1;7;16;163;1;15;1;370;27,37;15,89;17,35;
1;7;16;163;1;16;1;370;27,37;15,89;12,75;
1;7;16;163;1;17;1;370;27,37;15,89;15,75;
1;7;16;163;1;18;1;370;27,37;15,89;16,6;
1;7;16;163;1;19;1;370;27,37;15,89;15,9;
1;7;16;163;1;20;1;370;27,37;15,89;16,35;
1;7;16;163;1;21;1;370;27,37;15,89;17,55;
1;7;16;163;1;22;1;370;27,37;15,89;12,15;
1;7;16;163;1;23;1;370;27,37;15,89;15,5;
1;7;16;163;1;24;1;370;27,37;15,89;18,7;
1;7;16;163;1;25;1;370;27,37;15,89;16,25;
1;7;16;163;1;26;1;370;27,37;15,89;8,65;
1;7;16;163;1;27;1;370;27,37;15,89;16,75;
1;7;16;163;1;28;1;370;27,37;15,89;14,15;
1;7;16;163;1;29;1;370;27,37;15,89;18;
1;7;16;163;1;30;1;370;27,37;15,89;15,6;
1;7;16;163;1;31;1;370;27,37;15,89;17,05;
1;7;16;163;1;32;1;370;27,37;15,89;12,4;
1;7;16;163;1;33;1;370;27,37;15,89;14,6;
1;7;16;163;1;34;1;370;27,37;15,89;13,15;
1;7;16;163;1;35;1;370;27,37;15,89;17,15;
1;7;16;163;1;36;1;370;27,37;15,89;15,6;
1;7;16;163;1;37;1;370;27,37;15,89;14;
1;7;16;163;1;38;1;370;27,37;15,89;15,45;
1;7;16;163;1;39;1;370;27,37;15,89;0;
1;7;16;163;1;40;1;370;27,37;15,89;17,95;
1;7;16;163;1;41;1;370;27,37;15,89;17,1;
1;7;16;163;1;42;1;370;27,37;15,89;14,65;
1;7;16;163;1;43;1;370;27,37;15,89;17,35;
1;7;16;163;1;44;1;370;27,37;15,89;17,45;
1;7;16;163;1;45;1;370;27,37;15,89;0;
1;7;16;163;1;46;1;370;27,37;15,89;18,1;
1;7;16;163;1;47;1;370;27,37;15,89;18,65;
1;7;16;163;1;48;1;370;27,37;15,89;17,1;
1;7;16;163;1;49;1;370;27,37;15,89;13,5;
1;7;16;163;1;50;1;370;27,37;15,89;16,4;
1;7;16;164;1;1;1;370;27,43;15,01;17,45;27,2
1;7;16;164;1;2;1;370;27,43;15,01;13,85;25,1
1;7;16;164;1;3;1;370;27,43;15,01;15,7;26,2
1;7;16;164;1;4;1;370;27,43;15,01;15,65;25,6
1;7;16;164;1;5;1;370;27,43;15,01;10,75;21,4
1;7;16;164;1;6;1;370;27,43;15,01;17,45;
1;7;16;164;1;7;1;370;27,43;15,01;16,5;
1;7;16;164;1;8;1;370;27,43;15,01;16,2;
1;7;16;164;1;9;1;370;27,43;15,01;15,9;
1;7;16;164;1;10;1;370;27,43;15,01;16,25;
1;7;16;164;1;11;1;370;27,43;15,01;14,55;
1;7;16;164;1;12;1;370;27,43;15,01;16,3;
1;7;16;164;1;13;1;370;27,43;15,01;11,15;
1;7;16;164;1;14;1;370;27,43;15,01;11,95;
1;7;16;164;1;15;1;370;27,43;15,01;11;
1;7;16;164;1;16;1;370;27,43;15,01;17;
1;7;16;164;1;17;1;370;27,43;15,01;17,15;
1;7;16;164;1;18;1;370;27,43;15,01;12,05;
1;7;16;164;1;19;1;370;27,43;15,01;15,65;
1;7;16;164;1;20;1;370;27,43;15,01;17,1;
1;7;16;164;1;21;1;370;27,43;15,01;6,35;
1;7;16;164;1;22;1;370;27,43;15,01;16;
1;7;16;164;1;23;1;370;27,43;15,01;15,15;
1;7;16;164;1;24;1;370;27,43;15,01;10,1;
1;7;16;164;1;25;1;370;27,43;15,01;15,4;
1;7;16;164;1;26;1;370;27,43;15,01;15,8;
1;7;16;164;1;27;1;370;27,43;15,01;18,85;27,7
1;7;16;164;1;28;1;370;27,43;15,01;18,35;27
1;7;16;164;1;29;1;370;27,43;15,01;10,65;
1;7;16;164;1;30;1;370;27,43;15,01;11;
1;7;16;164;1;31;1;370;27,43;15,01;14,65;
1;7;16;164;1;32;1;370;27,43;15,01;16,2;
1;7;16;164;1;33;1;370;27,43;15,01;13,35;
1;7;16;164;1;34;1;370;27,43;15,01;9,9;
1;7;16;164;1;35;1;370;27,43;15,01;16,1;
1;7;16;164;1;36;1;370;27,43;15,01;13,6;
1;7;16;164;1;37;1;370;27,43;15,01;14,5;
1;7;16;164;1;38;1;370;27,43;15,01;14,95;
1;7;16;164;1;39;1;370;27,43;15,01;14,5;
1;7;16;164;1;40;1;370;27,43;15,01;18,05;27,6
1;7;16;164;1;41;1;370;27,43;15,01;16,45;
1;7;16;164;1;42;1;370;27,43;15,01;16,45;
1;7;16;164;1;43;1;370;27,43;15,01;16,4;
1;7;16;164;1;44;1;370;27,43;15,01;14,35;
1;7;16;164;1;45;1;370;27,43;15,01;15,45;
1;7;16;164;1;46;1;370;27,43;15,01;15,7;
1;7;16;164;1;47;1;370;27,43;15,01;14,35;
1;7;16;164;1;48;1;370;27,43;15,01;15;
1;7;16;164;1;49;1;370;27,43;15,01;16,7;
1;7;16;164;1;50;1;370;27,43;15,01;15,95;
