"matgen";"arv";"dap";"ht";"hi";"dicc1";"dicc2";"espcasca"
26;1;8,44;19,6;0,1;11,1;11,1;0,667
26;1;8,44;19,6;0,15;10,2;10,2;0,408
26;1;8,44;19,6;0,7;8,6;8,6;0,26500002
26;1;8,44;19,6;1,3;8,4;8,4;0,348
26;1;8,44;19,6;2,5;8,2;8,2;0,258
26;1;8,44;19,6;3,7;7,9;7,9;0,39000002
26;1;8,44;19,6;4,9;7,6;7,6;0,205
26;1;8,44;19,6;6,1;7,3;7,3;0,183
26;1;8,44;19,6;7,3;7,1;7,1;0,23200001
26;1;8,44;19,6;8,5;7;7;0,23200001
26;1;8,44;19,6;9,7;6,1;6,1;0,147
26;1;8,44;19,6;10,9;5,6;5,6;0,17
26;1;8,44;19,6;12,1;5,1;5,1;0,157
26;1;8,44;19,6;13,3;4,8;4,8;0,157
26;1;8,44;19,6;14,5;4,2;4,2;0,147
26;1;8,44;19,6;15,7;3,7;3,7;0,127
26;1;8,44;19,6;16,9;3;3;0,129
26;1;8,44;19,6;18,1;2,5;2,5;0,129
26;1;8,44;19,6;19,3;1,1;1,1;0,077
26;2;10,92;21,2;0,1;15,4;15,4;0,941
26;2;10,92;21,2;0,15;14,9;14,9;0,738
26;2;10,92;21,2;0,7;11,9;11,9;0,497
26;2;10,92;21,2;1,3;10,9;10,9;0,343
26;2;10,92;21,2;2,5;10,7;10,7;0,339
26;2;10,92;21,2;3,7;10,3;10,3;0,389
26;2;10,92;21,2;4,9;9,9;9,9;0,307
26;2;10,92;21,2;6,1;9,9;9,9;0,208
26;2;10,92;21,2;7,3;9,6;9,6;0,241
26;2;10,92;21,2;8,5;8,8;8,8;0,186
26;2;10,92;21,2;9,7;8,2;8,2;0,19399999
26;2;10,92;21,2;10,9;7,7;7,7;0,178
26;2;10,92;21,2;12,1;7,4;7,4;0,186
26;2;10,92;21,2;13,3;6,5;6,5;0,18
26;2;10,92;21,2;14,5;6,1;6,1;0,15599999
26;2;10,92;21,2;15,7;5,6;5,6;0,19399999
26;2;10,92;21,2;16,9;4,9;4,9;0,186
26;2;10,92;21,2;18,1;4;4;0,185
26;2;10,92;21,2;19,3;3,1;3,1;0,145
26;2;10,92;21,2;20,5;1,4;1,4;0,109
26;2;10,92;21,2;20,8;0,9;0,9;0,047000002
26;3;21,01;28,4;0,1;24,6;24,6;1,2329999
26;3;21,01;28,4;0,15;24,4;24,4;1,26
26;3;21,01;28,4;0,7;21,5;21,5;1,196
26;3;21,01;28,4;1,3;21;21;0,907
26;3;21,01;28,4;2,5;19,3;19,3;0,769
26;3;21,01;28,4;3,7;19;19;0,575
26;3;21,01;28,4;4,9;18,9;18,9;0,544
26;3;21,01;28,4;6,1;18,6;18,6;0,40600002
26;3;21,01;28,4;7,3;18,6;18,6;0,662
26;3;21,01;28,4;8,5;17,7;17,7;0,663
26;3;21,01;28,4;9,7;16,7;16,7;0,363
26;3;21,01;28,4;10,9;15,8;15,8;0,38300002
26;3;21,01;28,4;12,1;15,1;15,1;0,317
26;3;21,01;28,4;13,3;14,5;14,5;0,38799998
26;3;21,01;28,4;14,5;13,6;13,6;0,268
26;3;21,01;28,4;15,7;13,4;13,4;0,31599998
26;3;21,01;28,4;16,9;12,8;12,8;0,336
26;3;21,01;28,4;18,1;12,7;12,7;0,361
26;3;21,01;28,4;19,3;10,6;10,6;0,339
26;3;21,01;28,4;20,5;9,7;9,7;0,31199998
26;3;21,01;28,4;21,7;9,4;9,4;0,31
26;3;21,01;28,4;22,9;6,9;6,9;0,281
26;3;21,01;28,4;24,1;6,1;6,1;0,242
26;3;21,01;28,4;25,3;5,2;5,2;0,24
26;3;21,01;28,4;26,5;3;3;0,16700001
26;3;21,01;28,4;27,7;1,1;1,1;0,104
26;4;19,74;27;0,1;23,9;23,9;1,559
26;4;19,74;27;0,15;23,6;23,6;1,241
26;4;19,74;27;0,7;19,9;19,9;1,072
26;4;19,74;27;1,3;19,7;19,7;0,922
26;4;19,74;27;2,5;18,3;18,3;0,627
26;4;19,74;27;3,7;18;18;0,644
26;4;19,74;27;4,9;17,8;17,8;0,81200004
26;4;19,74;27;6,1;17,5;17,5;0,566
26;4;19,74;27;7,3;17,3;17,3;0,418
26;4;19,74;27;8,5;16,4;16,4;0,378
26;4;19,74;27;9,7;15,2;15,2;0,348
26;4;19,74;27;10,9;14,5;14,5;0,306
26;4;19,74;27;12,1;14,1;14,1;0,345
26;4;19,74;27;13,3;13,3;13,3;0,333
26;4;19,74;27;14,5;12,8;12,8;0,378
26;4;19,74;27;15,7;12,6;12,6;0,38300002
26;4;19,74;27;16,9;12,1;12,1;0,372
26;4;19,74;27;18,1;10,6;10,6;0,321
26;4;19,74;27;19,3;9,5;9,5;0,31599998
26;4;19,74;27;20,5;8,9;8,9;0,327
26;4;19,74;27;21,7;7,3;7,3;0,274
26;4;19,74;27;22,9;5,8;5,8;0,262
26;4;19,74;27;24,1;4,8;4,8;0,264
26;4;19,74;27;25,3;3,2;3,2;0,19999999
26;4;19,74;27;26,5;0,8;0,8;0,094000004
26;5;14,83;24,9;0,1;17,4;17,4;1,1439999
26;5;14,83;24,9;0,15;17;17;1,09
26;5;14,83;24,9;0,7;15,6;15,6;0,805
26;5;14,83;24,9;1,3;14,8;14,8;0,63600004
26;5;14,83;24,9;2,5;14,3;14,3;0,418
26;5;14,83;24,9;3,7;13,9;13,9;0,472
26;5;14,83;24,9;4,9;13,8;13,8;0,424
26;5;14,83;24,9;6,1;13,4;13,4;0,384
26;5;14,83;24,9;7,3;12,3;12,3;0,26900002
26;5;14,83;24,9;8,5;11,8;11,8;0,258
26;5;14,83;24,9;9,7;11,6;11,6;0,259
26;5;14,83;24,9;10,9;11,1;11,1;0,28599998
26;5;14,83;24,9;12,1;10,5;10,5;0,262
26;5;14,83;24,9;13,3;10,2;10,2;0,266
26;5;14,83;24,9;14,5;9,5;9,5;0,274
26;5;14,83;24,9;15,7;8,9;8,9;0,28
26;5;14,83;24,9;16,9;8,2;8,2;0,249
26;5;14,83;24,9;18,1;7,6;7,6;0,285
26;5;14,83;24,9;19,3;6,2;6,2;0,246
26;5;14,83;24,9;20,5;5,5;5,5;0,23799999
26;5;14,83;24,9;21,7;4,4;4,4;0,19999999
26;5;14,83;24,9;22,9;3,7;3,7;0,193
26;5;14,83;24,9;24,1;1;1;0,096999995
26;6;17,19;26,7;0,1;20,6;20,6;1,031
26;6;17,19;26,7;0,15;20,2;20,2;1,022
26;6;17,19;26,7;0,7;17,5;17,5;0,751
26;6;17,19;26,7;1,3;17,2;17,2;0,70199996
26;6;17,19;26,7;2,5;16,4;16,4;0,621
26;6;17,19;26,7;3,7;15,9;15,9;0,568
26;6;17,19;26,7;4,9;15,4;15,4;0,57
26;6;17,19;26,7;6,1;15,3;15,3;0,581
26;6;17,19;26,7;7,3;14,5;14,5;0,382
26;6;17,19;26,7;8,5;14,1;14,1;0,432
26;6;17,19;26,7;9,7;13,7;13,7;0,37600002
26;6;17,19;26,7;10,9;13,1;13,1;0,325
26;6;17,19;26,7;12,1;12,1;12,1;0,306
26;6;17,19;26,7;13,3;11,7;11,7;0,327
26;6;17,19;26,7;14,5;11,1;11,1;0,345
26;6;17,19;26,7;15,7;10,5;10,5;0,26900002
26;6;17,19;26,7;16,9;10,2;10,2;0,31100002
26;6;17,19;26,7;18,1;9,1;9,1;0,291
26;6;17,19;26,7;19,3;8,2;8,2;0,303
26;6;17,19;26,7;20,5;7,5;7,5;0,281
26;6;17,19;26,7;21,7;6,5;6,5;0,29299998
26;6;17,19;26,7;22,9;5,1;5,1;0,251
26;6;17,19;26,7;24,1;3,9;3,9;0,23400001
26;6;17,19;26,7;25,3;2,4;2,4;0,184
26;6;17,19;26,7;26,3;1,1;1,1;0,113000005
26;7;14,01;26,8;0,1;17;17;1,009
26;7;14,01;26,8;0,15;16,7;16,7;0,781
26;7;14,01;26,8;0,7;14,9;14,9;0,626
26;7;14,01;26,8;1,3;14;14;0,509
26;7;14,01;26,8;2,5;13,6;13,6;0,49100003
26;7;14,01;26,8;3,7;13,5;13,5;0,45
26;7;14,01;26,8;4,9;13,3;13,3;0,421
26;7;14,01;26,8;6,1;12,9;12,9;0,416
26;7;14,01;26,8;7,3;12,7;12,7;0,45299998
26;7;14,01;26,8;8,5;12,5;12,5;0,359
26;7;14,01;26,8;9,7;11,5;11,5;0,31199998
26;7;14,01;26,8;10,9;10,9;10,9;0,285
26;7;14,01;26,8;12,1;10,6;10,6;0,28599998
26;7;14,01;26,8;13,3;10,1;10,1;0,284
26;7;14,01;26,8;14,5;9,5;9,5;0,32
26;7;14,01;26,8;15,7;8,8;8,8;0,259
26;7;14,01;26,8;16,9;8,2;8,2;0,261
26;7;14,01;26,8;18,1;7,8;7,8;0,284
26;7;14,01;26,8;19,3;7,4;7,4;0,31100002
26;7;14,01;26,8;20,5;6,4;6,4;0,3
26;7;14,01;26,8;21,7;5,8;5,8;0,305
26;7;14,01;26,8;22,9;5,2;5,2;0,315
26;7;14,01;26,8;24,1;4,2;4,2;0,271
26;7;14,01;26,8;25,3;2,7;2,7;0,176
26;7;14,01;26,8;26,2;1,1;1,1;0,118
26;8;20,02;28,2;0,1;24,61;24,61;1,245
26;8;20,02;28,2;0,7;21,07;21,07;1,03
26;8;20,02;28,2;1,3;20,02;20,02;0,5925
26;8;20,02;28,2;2,5;18,49;18,49;0,623
26;8;20,02;28,2;3,7;18,08;18,08;0,416
26;8;20,02;28,2;4,9;17,57;17,57;0,4015
26;8;20,02;28,2;6,1;17,54;17,54;0,395
26;8;20,02;28,2;7,3;17,19;17,19;0,4535
26;8;20,02;28,2;8,5;16,11;16,11;0,402
26;8;20,02;28,2;9,7;14,96;14,96;0,379
26;8;20,02;28,2;10,9;14,48;14,48;0,345
26;8;20,02;28,2;12,1;14,13;14,13;0,385
26;8;20,02;28,2;13,3;12,99;12,99;0,347
26;8;20,02;28,2;14,5;12,16;12,16;0,31
26;8;20,02;28,2;15,7;11,71;11,71;0,332
26;8;20,02;28,2;16,9;11,36;11,36;0,3075
26;8;20,02;28,2;18,1;10,03;10,03;0,345
26;8;20,02;28,2;19,3;9,39;9,39;0,2455
26;8;20,02;28,2;20,5;8,47;8,47;0,3135
26;8;20,02;28,2;21,7;7,64;7,64;0,3005
26;8;20,02;28,2;22,9;6,62;6,62;0,327
26;8;20,02;28,2;24,1;5,89;5,89;0,2555
26;8;20,02;28,2;25,3;4,01;4,01;0,2015
26;8;20,02;28,2;26,5;2,61;2,61;0,134
26;8;20,02;28,2;27,6;1,02;1,02;0,0615
26;9;21,17;24,2;0,1;27,37;27,37;1,123
26;9;21,17;24,2;0,7;22,66;22,66;1,1215
26;9;21,17;24,2;1,3;21,17;21,17;0,783
26;9;21,17;24,2;2,5;19,86;19,86;0,7735
26;9;21,17;24,2;3,7;18,53;18,53;0,5125
26;9;21,17;24,2;4,9;17,98;17,98;0,5165
26;9;21,17;24,2;6,1;16,87;16,87;0,4275
26;9;21,17;24,2;7,3;16,62;16,62;0,4845
26;9;21,17;24,2;8,5;16,01;16,01;0,4875
26;9;21,17;24,2;9,7;14,48;14,48;0,443
26;9;21,17;24,2;10,9;13,53;13,53;0,408
26;9;21,17;24,2;12,1;13,08;13,08;0,3945
26;9;21,17;24,2;13,3;12;12;0,3945
26;9;21,17;24,2;14,5;10,92;10,92;0,3635
26;9;21,17;24,2;15,7;10,12;10,12;0,3665
26;9;21,17;24,2;16,9;9,23;9,23;0,386
26;9;21,17;24,2;18,1;8,5;8,5;0,4135
26;9;21,17;24,2;19,3;7,38;7,38;0,3865
26;9;21,17;24,2;20,5;5,95;5,95;0,308
26;9;21,17;24,2;21,7;4,14;4,14;0,227
26;9;21,17;24,2;22,9;2,16;2,16;0,112
26;9;21,17;24,2;23,6;0,83;0,83;0,0675
26;10;22,6;27,6;0,1;25,21;25,21;1,2555
26;10;22,6;27,6;0,7;23,62;23,62;1,1335
26;10;22,6;27,6;1,3;22,6;22,6;0,823
26;10;22,6;27,6;2,5;21,04;21,04;0,586
26;10;22,6;27,6;3,7;20,15;20,15;0,4525
26;10;22,6;27,6;4,9;19,45;19,45;0,4815
26;10;22,6;27,6;6,1;18,53;18,53;0,399
26;10;22,6;27,6;7,3;18,14;18,14;0,404
26;10;22,6;27,6;8,5;17,41;17,41;0,4045
26;10;22,6;27,6;9,7;16,3;16,3;0,349
26;10;22,6;27,6;10,9;15,92;15,92;0,3475
26;10;22,6;27,6;12,1;15,34;15,34;0,391
26;10;22,6;27,6;13,3;14,96;14,96;0,402
26;10;22,6;27,6;14,5;13,75;13,75;0,3615
26;10;22,6;27,6;15,7;13,05;13,05;0,368
26;10;22,6;27,6;16,9;12,29;12,29;0,3385
26;10;22,6;27,6;18,1;11,43;11,43;0,3095
26;10;22,6;27,6;19,3;9,99;9,99;0,2405
26;10;22,6;27,6;20,5;9,36;9,36;0,3025
26;10;22,6;27,6;21,7;8,75;8,75;0,3405
26;10;22,6;27,6;22,9;7;7;0,2715
26;10;22,6;27,6;24,1;6,05;6,05;0,315
26;10;22,6;27,6;25,3;4,46;4,46;0,228
26;10;22,6;27,6;26,5;2,23;2,23;0,107
26;10;22,6;27,6;27,2;1,02;1,02;0,0765
26;11;9,07;16,1;0,1;11,17;11,17;0,6995
26;11;9,07;16,1;0,7;9,96;9,96;0,4595
26;11;9,07;16,1;1,3;9,07;9,07;0,2505
26;11;9,07;16,1;2,5;8,69;8,69;0,2075
26;11;9,07;16,1;3,7;7,96;7,96;0,1895
26;11;9,07;16,1;4,9;7,48;7,48;0,185
26;11;9,07;16,1;6,1;6,97;6,97;0,1805
26;11;9,07;16,1;7,3;6,43;6,43;0,168
26;11;9,07;16,1;8,5;6,05;6,05;0,139
26;11;9,07;16,1;9,7;4,93;4,93;0,1295
26;11;9,07;16,1;10,9;4,46;4,46;0,1095
26;11;9,07;16,1;12,1;3,76;3,76;0,119
26;11;9,07;16,1;13,3;3,02;3,02;0,115
26;11;9,07;16,1;14,5;1,91;1,91;0,1065
26;11;9,07;16,1;15,7;0,8;0,8;0,0755
26;12;16,07;26,7;0,1;20,37;20,37;1,413
26;12;16,07;26,7;0,7;16,84;16,84;0,5155
26;12;16,07;26,7;1,3;16,07;16,07;0,69
26;12;16,07;26,7;2,5;15,28;15,28;0,6
26;12;16,07;26,7;3,7;14,61;14,61;0,423
26;12;16,07;26,7;4,9;14,16;14,16;0,389
26;12;16,07;26,7;6,1;14,01;14,01;0,4265
26;12;16,07;26,7;7,3;13,53;13,53;0,3465
26;12;16,07;26,7;8,5;13,08;13,08;0,4195
26;12;16,07;26,7;9,7;12,41;12,41;0,379
26;12;16,07;26,7;10,9;11,78;11,78;0,353
26;12;16,07;26,7;12,1;11,24;11,24;0,32
26;12;16,07;26,7;13,3;10,79;10,79;0,3055
26;12;16,07;26,7;14,5;10,15;10,15;0,336
26;12;16,07;26,7;15,7;9,33;9,33;0,279
26;12;16,07;26,7;16,9;8,75;8,75;0,2845
26;12;16,07;26,7;18,1;8,05;8,05;0,261
26;12;16,07;26,7;19,3;7,67;7,67;0,37
26;12;16,07;26,7;20,5;7;7;0,3505
26;12;16,07;26,7;21,7;5,89;5,89;0,2975
26;12;16,07;26,7;22,9;5,09;5,09;0,254
26;12;16,07;26,7;24,1;4,14;4,14;0,2335
26;12;16,07;26,7;25,3;2,29;2,29;0,1315
26;12;16,07;26,7;26,1;0,86;0,86;0,0585
26;13;17,03;23,5;0,1;21,65;21,65;1,087
26;13;17,03;23,5;0,7;17,83;17,83;0,88
26;13;17,03;23,5;1,3;17,03;17,03;0,643
26;13;17,03;23,5;2,5;15,57;15,57;0,4305
26;13;17,03;23,5;3,7;14,9;14,9;0,3095
26;13;17,03;23,5;4,9;14,55;14,55;0,3085
26;13;17,03;23,5;6,1;13,97;13,97;0,317
26;13;17,03;23,5;7,3;13,21;13,21;0,246
26;13;17,03;23,5;8,5;12,57;12,57;0,2895
26;13;17,03;23,5;9,7;12,19;12,19;0,2465
26;13;17,03;23,5;10,9;11,36;11,36;0,263
26;13;17,03;23,5;12,1;10,73;10,73;0,241
26;13;17,03;23,5;13,3;10,03;10,03;0,239
26;13;17,03;23,5;14,5;9,45;9,45;0,2655
26;13;17,03;23,5;15,7;8,44;8,44;0,2325
26;13;17,03;23,5;16,9;7,58;7,58;0,222
26;13;17,03;23,5;18,1;6,84;6,84;0,2205
26;13;17,03;23,5;19,3;6,3;6,3;0,2615
26;13;17,03;23,5;20,5;5,09;5,09;0,272
26;13;17,03;23,5;21,7;3,37;3,37;0,158
26;13;17,03;23,5;22,9;1,08;1,08;0,0975
26;14;18,62;25,6;0,1;23,01;23,01;1,007
26;14;18,62;25,6;0,7;19,74;19,74;0,795
26;14;18,62;25,6;1,3;18,62;18,62;0,7125
26;14;18,62;25,6;2,5;17,54;17,54;0,5545
26;14;18,62;25,6;3,7;17,09;17,09;0,548
26;14;18,62;25,6;4,9;16,55;16,55;0,4445
26;14;18,62;25,6;6,1;15,92;15,92;0,451
26;14;18,62;25,6;7,3;15,12;15,12;0,4105
26;14;18,62;25,6;8,5;14,8;14,8;0,361
26;14;18,62;25,6;9,7;13,94;13,94;0,3855
26;14;18,62;25,6;10,9;13,21;13,21;0,3145
26;14;18,62;25,6;12,1;12,8;12,8;0,349
26;14;18,62;25,6;13,3;11,94;11,94;0,3535
26;14;18,62;25,6;14,5;11,17;11,17;0,2775
26;14;18,62;25,6;15,7;10,76;10,76;0,327
26;14;18,62;25,6;16,9;9,61;9,61;0,301
26;14;18,62;25,6;18,1;8,79;8,79;0,3795
26;14;18,62;25,6;19,3;8,28;8,28;0,3125
26;14;18,62;25,6;20,5;7,16;7,16;0,3385
26;14;18,62;25,6;21,7;6,21;6,21;0,2835
26;14;18,62;25,6;22,9;4,77;4,77;0,199
26;14;18,62;25,6;24,1;2,64;2,64;0,117
26;14;18,62;25,6;25,1;0,95;0,95;0,064
26;15;8,21;13,9;0,1;11,01;11,01;0,7775
26;15;8,21;13,9;0,7;8,94;8,94;0,3615
26;15;8,21;13,9;1,3;8,21;8,21;0,2785
26;15;8,21;13,9;2,5;7,51;7,51;0,197
26;15;8,21;13,9;3,7;7,1;7,1;0,1785
26;15;8,21;13,9;4,9;6,49;6,49;0,1655
26;15;8,21;13,9;6,1;6,18;6,18;0,1495
26;15;8,21;13,9;7,3;5,57;5,57;0,1665
26;15;8,21;13,9;8,5;5,06;5,06;0,126
26;15;8,21;13,9;9,7;4,3;4,3;0,147
26;15;8,21;13,9;10,9;3,95;3,95;0,1225
26;15;8,21;13,9;12,1;2,86;2,86;0,1185
26;15;8,21;13,9;13,3;1,11;1,11;0,0755
35;16;7,26;14,5;0,1;8,44;8,44;0,5395
35;16;7,26;14,5;0,7;7,7;7,7;0,406
35;16;7,26;14,5;1,3;7,26;7,26;0,1915
35;16;7,26;14,5;2,5;6,94;6,94;0,2055
35;16;7,26;14,5;3,7;6,43;6,43;0,1665
35;16;7,26;14,5;4,9;5,95;5,95;0,1385
35;16;7,26;14,5;6,1;5,7;5,7;0,168
35;16;7,26;14,5;7,3;5,19;5,19;0,136
35;16;7,26;14,5;8,5;4,68;4,68;0,131
35;16;7,26;14,5;9,7;3,98;3,98;0,1335
35;16;7,26;14,5;10,9;3,44;3,44;0,106
35;16;7,26;14,5;12,1;2,93;2,93;0,1285
35;16;7,26;14,5;13,3;1,91;1,91;0,1295
35;16;7,26;14,5;14;0,83;0,83;0,0545
35;17;20,91;24;0,1;22,57;22,57;1,1465
35;17;20,91;24;0,7;21,42;21,42;0,999
35;17;20,91;24;1,3;20,91;20,91;0,8805
35;17;20,91;24;2,5;19,86;19,86;0,7775
35;17;20,91;24;3,7;19,13;19,13;0,7125
35;17;20,91;24;4,9;18,46;18,46;0,48
35;17;20,91;24;6,1;17,57;17,57;0,532
35;17;20,91;24;7,3;17,38;17,38;0,5165
35;17;20,91;24;8,5;16,07;16,07;0,405
35;17;20,91;24;9,7;14,96;14,96;0,4035
35;17;20,91;24;10,9;14,42;14,42;0,4165
35;17;20,91;24;12,1;13,31;13,31;0,4135
35;17;20,91;24;13,3;12,29;12,29;0,3475
35;17;20,91;24;14,5;11,33;11,33;0,325
35;17;20,91;24;15,7;10,5;10,5;0,307
35;17;20,91;24;16,9;9,58;9,58;0,317
35;17;20,91;24;18,1;8,59;8,59;0,3135
35;17;20,91;24;19,3;7,58;7,58;0,336
35;17;20,91;24;20,5;5,73;5,73;0,279
35;17;20,91;24;21,7;4,3;4,3;0,29
35;17;20,91;24;22,9;1,59;1,59;0,121
35;17;20,91;24;23,5;0,99;0,99;0,087
35;18;20,31;28,8;0,1;23,65;23,65;1,116
35;18;20,31;28,8;0,7;21,07;21,07;0,953
35;18;20,31;28,8;1,3;20,31;20,31;0,7845
35;18;20,31;28,8;2,5;19,35;19,35;0,606
35;18;20,31;28,8;3,7;19,1;19,1;0,7185
35;18;20,31;28,8;4,9;18,46;18,46;0,653
35;18;20,31;28,8;6,1;18,46;18,46;0,5685
35;18;20,31;28,8;7,3;16,93;16,93;0,5695
35;18;20,31;28,8;8,5;16,42;16,42;0,3865
35;18;20,31;28,8;9,7;15,92;15,92;0,3865
35;18;20,31;28,8;10,9;15,28;15,28;0,388
35;18;20,31;28,8;12,1;14,8;14,8;0,3845
35;18;20,31;28,8;13,3;14,1;14,1;0,412
35;18;20,31;28,8;14,5;13,46;13,46;0,3815
35;18;20,31;28,8;15,7;13,05;13,05;0,3865
35;18;20,31;28,8;16,9;12,1;12,1;0,35
35;18;20,31;28,8;18,1;11,33;11,33;0,346
35;18;20,31;28,8;19,3;10,6;10,6;0,345
35;18;20,31;28,8;20,5;9,87;9,87;0,334
35;18;20,31;28,8;21,7;8,79;8,79;0,354
35;18;20,31;28,8;22,9;8,12;8,12;0,324
35;18;20,31;28,8;24,1;6,53;6,53;0,3275
35;18;20,31;28,8;25,3;5,57;5,57;0,3475
35;18;20,31;28,8;26,5;3,82;3,82;0,274
35;18;20,31;28,8;27,7;1,59;1,59;0,102
35;18;20,31;28,8;28,2;0,95;0,95;0,055
35;19;19,1;28,7;0,1;21,96;21,96;1,0825
35;19;19,1;28,7;0,7;19,51;19,51;0,9125
35;19;19,1;28,7;1,3;19,1;19,1;0,682
35;19;19,1;28,7;2,5;18,33;18,33;0,6195
35;19;19,1;28,7;3,7;17,86;17,86;0,5155
35;19;19,1;28,7;4,9;17,44;17,44;0,461
35;19;19,1;28,7;6,1;16,77;16,77;0,474
35;19;19,1;28,7;7,3;16,39;16,39;0,4225
35;19;19,1;28,7;8,5;16,04;16,04;0,3835
35;19;19,1;28,7;9,7;15,02;15,02;0,401
35;19;19,1;28,7;10,9;14,48;14,48;0,3755
35;19;19,1;28,7;12,1;13,88;13,88;0,366
35;19;19,1;28,7;13,3;13,27;13,27;0,3485
35;19;19,1;28,7;14,5;12,83;12,83;0,4015
35;19;19,1;28,7;15,7;12,06;12,06;0,367
35;19;19,1;28,7;16,9;11,49;11,49;0,3035
35;19;19,1;28,7;18,1;10,57;10,57;0,308
35;19;19,1;28,7;19,3;10,09;10,09;0,338
35;19;19,1;28,7;20,5;9,17;9,17;0,326
35;19;19,1;28,7;21,7;8,72;8,72;0,397
35;19;19,1;28,7;22,9;7,32;7,32;0,3135
35;19;19,1;28,7;24,1;6,37;6,37;0,298
35;19;19,1;28,7;25,3;5,16;5,16;0,334
35;19;19,1;28,7;26,5;3,6;3,6;0,288
35;19;19,1;28,7;27,7;1,88;1,88;0,1025
35;19;19,1;28,7;28,1;1,02;1,02;0,0635
35;20;14,55;21,4;0,1;17,16;17,16;0,98
35;20;14,55;21,4;0,7;15,12;15,12;0,775
35;20;14,55;21,4;1,3;14,55;14,55;0,468
35;20;14,55;21,4;2,5;14,07;14,07;0,304
35;20;14,55;21,4;3,7;13,69;13,69;0,247
35;20;14,55;21,4;4,9;13,05;13,05;0,2965
35;20;14,55;21,4;6,1;12,16;12,16;0,281
35;20;14,55;21,4;7,3;11,84;11,84;0,2555
35;20;14,55;21,4;8,5;11,59;11,59;0,249
35;20;14,55;21,4;9,7;10,63;10,63;0,2455
35;20;14,55;21,4;10,9;9,84;9,84;0,257
35;20;14,55;21,4;12,1;9,17;9,17;0,2255
35;20;14,55;21,4;13,3;8,72;8,72;0,2265
35;20;14,55;21,4;14,5;8,44;8,44;0,2485
35;20;14,55;21,4;15,7;6,94;6,94;0,2385
35;20;14,55;21,4;16,9;6,05;6,05;0,2295
35;20;14,55;21,4;18,1;5,25;5,25;0,2445
35;20;14,55;21,4;19,3;3,76;3,76;0,179
35;20;14,55;21,4;20,5;1,43;1,43;0,104
35;20;14,55;21,4;20,9;0,89;0,89;0,047
35;21;12,61;23,1;0,1;14,48;14,48;0,8755
35;21;12,61;23,1;0,7;12,86;12,86;0,5545
35;21;12,61;23,1;1,3;12,61;12,61;0,405
35;21;12,61;23,1;2,5;12;12;0,387
35;21;12,61;23,1;3,7;11,68;11,68;0,309
35;21;12,61;23,1;4,9;11,3;11,3;0,3545
35;21;12,61;23,1;6,1;10,85;10,85;0,2985
35;21;12,61;23,1;7,3;10,6;10,6;0,2935
35;21;12,61;23,1;8,5;10,38;10,38;0,271
35;21;12,61;23,1;9,7;9,61;9,61;0,28
35;21;12,61;23,1;10,9;9,01;9,01;0,262
35;21;12,61;23,1;12,1;8,72;8,72;0,244
35;21;12,61;23,1;13,3;8,12;8,12;0,2245
35;21;12,61;23,1;14,5;7,54;7,54;0,2385
35;21;12,61;23,1;15,7;7,16;7,16;0,2215
35;21;12,61;23,1;16,9;6,18;6,18;0,2145
35;21;12,61;23,1;18,1;5,73;5,73;0,2065
35;21;12,61;23,1;19,3;4,77;4,77;0,1815
35;21;12,61;23,1;20,5;4,14;4,14;0,2195
35;21;12,61;23,1;21,7;2,55;2,55;0,1445
35;21;12,61;23,1;22,6;0,95;0,95;0,0785
35;22;14,01;21,6;0,1;16,11;16,11;0,951
35;22;14,01;21,6;0,7;14,39;14,39;0,7315
35;22;14,01;21,6;1,3;14,01;14,01;0,5985
35;22;14,01;21,6;2,5;13,21;13,21;0,472
35;22;14,01;21,6;3,7;12,57;12,57;0,4055
35;22;14,01;21,6;4,9;12,41;12,41;0,325
35;22;14,01;21,6;6,1;11,81;11,81;0,317
35;22;14,01;21,6;7,3;11,11;11,11;0,318
35;22;14,01;21,6;8,5;10,82;10,82;0,3165
35;22;14,01;21,6;9,7;10,19;10,19;0,3195
35;22;14,01;21,6;10,9;9,68;9,68;0,355
35;22;14,01;21,6;12,1;9,04;9,04;0,307
35;22;14,01;21,6;13,3;8,31;8,31;0,311
35;22;14,01;21,6;14,5;7,61;7,61;0,2975
35;22;14,01;21,6;15,7;6,75;6,75;0,241
35;22;14,01;21,6;16,9;6,05;6,05;0,297
35;22;14,01;21,6;18,1;4,93;4,93;0,2385
35;22;14,01;21,6;19,3;3,5;3,5;0,198
35;22;14,01;21,6;20,5;1,59;1,59;0,1165
35;22;14,01;21,6;21;0,95;0,95;0,0855
35;23;10,7;20,3;0,1;13,05;13,05;0,9465
35;23;10,7;20,3;0,7;11,14;11,14;0,686
35;23;10,7;20,3;1,3;10,7;10,7;0,5475
35;23;10,7;20,3;2,5;10,19;10,19;0,391
35;23;10,7;20,3;3,7;9,96;9,96;0,3885
35;23;10,7;20,3;4,9;9,17;9,17;0,2525
35;23;10,7;20,3;6,1;8,66;8,66;0,2945
35;23;10,7;20,3;7,3;8,24;8,24;0,271
35;23;10,7;20,3;8,5;7,7;7,7;0,2535
35;23;10,7;20,3;9,7;7,07;7,07;0,231
35;23;10,7;20,3;10,9;6,94;6,94;0,2225
35;23;10,7;20,3;12,1;6,21;6,21;0,224
35;23;10,7;20,3;13,3;5,67;5,67;0,201
35;23;10,7;20,3;14,5;5,03;5,03;0,1945
35;23;10,7;20,3;15,7;4,46;4,46;0,1685
35;23;10,7;20,3;16,9;3,72;3,72;0,1475
35;23;10,7;20,3;18,1;2,26;2,26;0,128
35;23;10,7;20,3;19,3;1,21;1,21;0,071
35;24;14,16;24,2;0,1;16,17;16,17;0,979
35;24;14,16;24,2;0,7;14,32;14,32;0,5675
35;24;14,16;24,2;1,3;14,16;14,16;0,624
35;24;14,16;24,2;2,5;13,4;13,4;0,461
35;24;14,16;24,2;3,7;12,8;12,8;0,347
35;24;14,16;24,2;4,9;12,45;12,45;0,3265
35;24;14,16;24,2;6,1;12,1;12,1;0,317
35;24;14,16;24,2;7,3;11,55;11,55;0,294
35;24;14,16;24,2;8,5;11,27;11,27;0,297
35;24;14,16;24,2;9,7;10,6;10,6;0,311
35;24;14,16;24,2;10,9;10,28;10,28;0,2945
35;24;14,16;24,2;12,1;9,77;9,77;0,2745
35;24;14,16;24,2;13,3;9,45;9,45;0,302
35;24;14,16;24,2;14,5;8,4;8,4;0,2855
35;24;14,16;24,2;15,7;7,64;7,64;0,263
35;24;14,16;24,2;16,9;7,07;7,07;0,2385
35;24;14,16;24,2;18,1;6,49;6,49;0,2875
35;24;14,16;24,2;19,3;5,73;5,73;0,2615
35;24;14,16;24,2;20,5;5,09;5,09;0,241
35;24;14,16;24,2;21,7;3,82;3,82;0,232
35;24;14,16;24,2;22,9;1,75;1,75;0,0995
35;24;14,16;24,2;23,6;1,02;1,02;0,069
26;25;16,74;25,6;0,1;20,94;20,94;1,011
26;25;16,74;25,6;0,7;18,02;18,02;0,805
26;25;16,74;25,6;1,3;16,74;16,74;0,6605
26;25;16,74;25,6;2,5;16,49;16,49;0,569
26;25;16,74;25,6;3,7;15,53;15,53;0,505
26;25;16,74;25,6;4,9;15,02;15,02;0,508
26;25;16,74;25,6;6,1;14,58;14,58;0,4215
26;25;16,74;25,6;7,3;14,07;14,07;0,333
26;25;16,74;25,6;8,5;13,21;13,21;0,2885
26;25;16,74;25,6;9,7;12,73;12,73;0,279
26;25;16,74;25,6;10,9;12,03;12,03;0,2775
26;25;16,74;25,6;12,1;11,4;11,4;0,2715
26;25;16,74;25,6;13,3;10,85;10,85;0,23
26;25;16,74;25,6;14,5;10,25;10,25;0,247
26;25;16,74;25,6;15,7;9,96;9,96;0,254
26;25;16,74;25,6;16,9;8,82;8,82;0,2275
26;25;16,74;25,6;18,1;8,09;8,09;0,219
26;25;16,74;25,6;19,3;7,73;7,73;0,2315
26;25;16,74;25,6;20,5;6,56;6,56;0,2125
26;25;16,74;25,6;21,7;6,11;6,11;0,2185
26;25;16,74;25,6;22,9;4,58;4,58;0,176
26;26;15,34;24,8;0,1;18,62;18,62;1,034
26;26;15,34;24,8;0,7;15,92;15,92;0,84
26;26;15,34;24,8;1,3;15,34;15,34;0,714
26;26;15,34;24,8;2,5;14,77;14,77;0,6315
26;26;15,34;24,8;3,7;13,78;13,78;0,4235
26;26;15,34;24,8;4,9;13,56;13,56;0,5075
26;26;15,34;24,8;6,1;12,92;12,92;0,3395
26;26;15,34;24,8;7,3;12,41;12,41;0,294
26;26;15,34;24,8;8,5;11,78;11,78;0,315
26;26;15,34;24,8;9,7;11,4;11,4;0,285
26;26;15,34;24,8;10,9;10,66;10,66;0,246
26;26;15,34;24,8;12,1;10,19;10,19;0,235
26;26;15,34;24,8;13,3;9,55;9,55;0,216
26;26;15,34;24,8;14,5;8,91;8,91;0,2365
26;26;15,34;24,8;15,7;8,75;8,75;0,2175
26;26;15,34;24,8;16,9;7,67;7,67;0,2255
26;26;15,34;24,8;18,1;7,03;7,03;0,202
26;26;15,34;24,8;19,3;6,3;6,3;0,165
26;26;15,34;24,8;20,5;5,28;5,28;0,1985
26;26;15,34;24,8;21,7;4,55;4,55;0,173
26;26;15,34;24,8;22,9;3,28;3,28;0,1495
26;26;15,34;24,8;24,1;1,34;1,34;0,11
26;27;17,6;22,65;0,1;21,07;21,07;0,8705
26;27;17,6;22,65;0,7;18,72;18,72;0,8545
26;27;17,6;22,65;1,3;17,6;17,6;0,5905
26;27;17,6;22,65;2,5;16,81;16,81;0,6455
26;27;17,6;22,65;3,7;16,23;16,23;0,3395
26;27;17,6;22,65;4,9;15,37;15,37;0,481
26;27;17,6;22,65;6,1;14,2;14,2;0,523
26;27;17,6;22,65;7,3;13,69;13,69;0,5825
26;27;17,6;22,65;8,5;13,5;13,5;0,5
26;27;17,6;22,65;9,7;12,25;12,25;0,4205
26;27;17,6;22,65;10,9;11,75;11,75;0,34
26;27;17,6;22,65;12,1;10,44;10,44;0,35
26;27;17,6;22,65;13,3;9,87;9,87;0,3435
26;27;17,6;22,65;14,5;8,79;8,79;0,2515
26;27;17,6;22,65;15,7;8,15;8,15;0,25
26;27;17,6;22,65;16,9;7,19;7,19;0,302
26;27;17,6;22,65;18,1;6,81;6,81;0,2505
26;27;17,6;22,65;19,3;5,19;5,19;0,2305
26;27;17,6;22,65;20,5;3,76;3,76;0,2075
26;28;19,42;27,27;0,1;23,87;23,87;1,1995
26;28;19,42;27,27;0,7;20,69;20,69;0,8785
26;28;19,42;27,27;1,3;19,42;19,42;0,761
26;28;19,42;27,27;2,5;18,53;18,53;0,6575
26;28;19,42;27,27;3,7;18,14;18,14;0,6545
26;28;19,42;27,27;4,9;17,6;17,6;0,548
26;28;19,42;27,27;6,1;17,09;17,09;0,498
26;28;19,42;27,27;7,3;16,36;16,36;0,461
26;28;19,42;27,27;8,5;15,98;15,98;0,395
26;28;19,42;27,27;9,7;14,99;14,99;0,352
26;28;19,42;27,27;10,9;13,97;13,97;0,309
26;28;19,42;27,27;12,1;13,53;13,53;0,322
26;28;19,42;27,27;13,3;12,83;12,83;0,3295
26;28;19,42;27,27;14,5;12,16;12,16;0,292
26;28;19,42;27,27;15,7;11,3;11,3;0,275
26;28;19,42;27,27;16,9;10,47;10,47;0,2605
26;28;19,42;27,27;18,1;9,61;9,61;0,2675
26;28;19,42;27,27;19,3;8,91;8,91;0,2545
26;28;19,42;27,27;20,5;7,96;7,96;0,258
26;28;19,42;27,27;21,7;7,07;7,07;0,27
26;28;19,42;27,27;22,9;6,59;6,59;0,33
26;28;19,42;27,27;24,1;5,09;5,09;0,1705
26;28;19,42;27,27;25,3;3,34;3,34;0,169
26;28;19,42;27,27;26,5;1,56;1,56;0,114
26;29;14,8;24,3;0,1;18,78;18,78;1,109
26;29;14,8;24,3;0,7;15,63;15,63;0,849
26;29;14,8;24,3;1,3;14,8;14,8;0,5745
26;29;14,8;24,3;2,5;14,01;14,01;0,6045
26;29;14,8;24,3;3,7;13,69;13,69;0,493
26;29;14,8;24,3;4,9;13,05;13,05;0,495
26;29;14,8;24,3;6,1;12,57;12,57;0,421
26;29;14,8;24,3;7,3;11,97;11,97;0,3215
26;29;14,8;24,3;8,5;11,78;11,78;0,2815
26;29;14,8;24,3;9,7;10,6;10,6;0,24
26;29;14,8;24,3;10,9;9,96;9,96;0,214
26;29;14,8;24,3;12,1;9,71;9,71;0,2405
26;29;14,8;24,3;13,3;9,04;9,04;0,2255
26;29;14,8;24,3;14,5;8,34;8,34;0,2525
26;29;14,8;24,3;15,7;7,64;7,64;0,225
26;29;14,8;24,3;16,9;7,1;7,1;0,2085
26;29;14,8;24,3;18,1;6,27;6,27;0,1815
26;29;14,8;24,3;19,3;5,57;5,57;0,2075
26;29;14,8;24,3;20,5;5;5;0,1905
26;29;14,8;24,3;21,7;3,6;3,6;0,1475
26;29;14,8;24,3;22,9;2,48;2,48;0,1425
26;29;14,8;24,3;23,7;1,02;1,02;0,108
26;30;11,14;19,9;0,1;14,8;14,8;0,829
26;30;11,14;19,9;0,7;12,25;12,25;0,6305
26;30;11,14;19,9;1,3;11,14;11,14;0,48
26;30;11,14;19,9;2,5;10,66;10,66;0,378
26;30;11,14;19,9;3,7;10,19;10,19;0,3145
26;30;11,14;19,9;4,9;9,49;9,49;0,2415
26;30;11,14;19,9;6,1;9,04;9,04;0,215
26;30;11,14;19,9;7,3;8,53;8,53;0,243
26;30;11,14;19,9;8,5;8,28;8,28;0,197
26;30;11,14;19,9;9,7;7,32;7,32;0,181
26;30;11,14;19,9;10,9;6,75;6,75;0,164
26;30;11,14;19,9;12,1;6,08;6,08;0,1845
26;30;11,14;19,9;13,3;5,41;5,41;0,175
26;30;11,14;19,9;14,5;4,84;4,84;0,145
26;30;11,14;19,9;15,7;4,07;4,07;0,138
26;30;11,14;19,9;16,9;3,28;3,28;0,145
26;30;11,14;19,9;18,1;2,64;2,64;0,1225
26;30;11,14;19,9;19,3;0,99;0,99;0,0775
35;31;16,36;23,8;0,1;18,27;18,27;0,992
35;31;16,36;23,8;0,7;17,19;17,19;0,839
35;31;16,36;23,8;1,3;16,36;16,36;0,75
35;31;16,36;23,8;2,5;15,88;15,88;0,67
35;31;16,36;23,8;3,7;15,6;15,6;0,414
35;31;16,36;23,8;4,9;14,64;14,64;0,387
35;31;16,36;23,8;6,1;14,01;14,01;0,345
35;31;16,36;23,8;7,3;13,27;13,27;0,338
35;31;16,36;23,8;8,5;12,73;12,73;0,304
35;31;16,36;23,8;9,7;12,1;12,1;0,292
35;31;16,36;23,8;10,9;11,4;11,4;0,282
35;31;16,36;23,8;12,1;10,85;10,85;0,293
35;31;16,36;23,8;13,3;10,12;10,12;0,242
35;31;16,36;23,8;14,5;9,39;9,39;0,257
35;31;16,36;23,8;15,7;8,91;8,91;0,234
35;31;16,36;23,8;16,9;8,02;8,02;0,252
35;31;16,36;23,8;18,1;6,84;6,84;0,244
35;31;16,36;23,8;19,3;5,89;5,89;0,248
35;31;16,36;23,8;20,5;4,77;4,77;0,241
35;31;16,36;23,8;21,7;3,5;3,5;0,187
35;31;16,36;23,8;22,9;1,85;1,85;0,121
35;31;16,36;23,8;23,3;0,99;0,99;0,098
35;32;17,35;24,2;0,1;19,42;19,42;1,111
35;32;17,35;24,2;0,7;18,43;18,43;1,067
35;32;17,35;24,2;1,3;17,35;17,35;0,896
35;32;17,35;24,2;2,5;16,87;16,87;0,798
35;32;17,35;24,2;3,7;16,52;16,52;0,826
35;32;17,35;24,2;4,9;16,17;16,17;0,718
35;32;17,35;24,2;6,1;15,44;15,44;0,463
35;32;17,35;24,2;7,3;14,71;14,71;0,45
35;32;17,35;24,2;8,5;14,07;14,07;0,377
35;32;17,35;24,2;9,7;13,53;13,53;0,402
35;32;17,35;24,2;10,9;12,73;12,73;0,386
35;32;17,35;24,2;12,1;12,1;12,1;0,398
35;32;17,35;24,2;13,3;11,49;11,49;0,424
35;32;17,35;24,2;14,5;10,73;10,73;0,368
35;32;17,35;24,2;15,7;9,93;9,93;0,352
35;32;17,35;24,2;16,9;9,14;9,14;0,338
35;32;17,35;24,2;18,1;8,44;8,44;0,312
35;32;17,35;24,2;19,3;7;7;0,282
35;32;17,35;24,2;20,5;5,47;5,47;0,27
35;32;17,35;24,2;21,7;4,14;4,14;0,245
35;32;17,35;24,2;22,9;2,48;2,48;0,157
35;32;17,35;24,2;23,7;0,95;0,95;0,085
35;33;19,99;27,2;0,1;22,95;22,95;1,103
35;33;19,99;27,2;0,7;20,91;20,91;0,915
35;33;19,99;27,2;1,3;19,99;19,99;0,868
35;33;19,99;27,2;2,5;19,35;19,35;0,748
35;33;19,99;27,2;3,7;19;19;0,722
35;33;19,99;27,2;4,9;18,08;18,08;0,51
35;33;19,99;27,2;6,1;17,54;17,54;0,484
35;33;19,99;27,2;7,3;17,03;17,03;0,455
35;33;19,99;27,2;8,5;16,49;16,49;0,424
35;33;19,99;27,2;9,7;15,79;15,79;0,44
35;33;19,99;27,2;10,9;15,28;15,28;0,415
35;33;19,99;27,2;12,1;14,64;14,64;0,386
35;33;19,99;27,2;13,3;13,62;13,62;0,373
35;33;19,99;27,2;14,5;13,46;13,46;0,409
35;33;19,99;27,2;15,7;12,35;12,35;0,344
35;33;19,99;27,2;16,9;11,62;11,62;0,379
35;33;19,99;27,2;18,1;10,79;10,79;0,351
35;33;19,99;27,2;19,3;10,19;10,19;0,346
35;33;19,99;27,2;20,5;8,91;8,91;0,341
35;33;19,99;27,2;21,7;7,96;7,96;0,346
35;33;19,99;27,2;22,9;7;7;0,295
35;33;19,99;27,2;24,1;5,47;5,47;0,308
35;33;19,99;27,2;25,3;3,98;3,98;0,235
35;33;19,99;27,2;26,5;2,13;2,13;0,137
35;33;19,99;27,2;26,7;1,02;1,02;0,08
35;34;18,08;24,5;0,1;21,65;21,65;1,311
35;34;18,08;24,5;0,7;18,56;18,56;1,024
35;34;18,08;24,5;1,3;18,08;18,08;0,88
35;34;18,08;24,5;2,5;17,25;17,25;0,789
35;34;18,08;24,5;3,7;17;17;0,743
35;34;18,08;24,5;4,9;16,55;16,55;0,666
35;34;18,08;24,5;6,1;15,92;15,92;0,59
35;34;18,08;24,5;7,3;14,9;14,9;0,454
35;34;18,08;24,5;8,5;14,26;14,26;0,412
35;34;18,08;24,5;9,7;13,59;13,59;0,353
35;34;18,08;24,5;10,9;12,83;12,83;0,317
35;34;18,08;24,5;12,1;12,54;12,54;0,352
35;34;18,08;24,5;13,3;11,75;11,75;0,36
35;34;18,08;24,5;14,5;10,89;10,89;0,337
35;34;18,08;24,5;15,7;10,35;10,35;0,326
35;34;18,08;24,5;16,9;9,29;9,29;0,304
35;34;18,08;24,5;18,1;8,5;8,5;0,283
35;34;18,08;24,5;19,3;7,19;7,19;0,242
35;34;18,08;24,5;20,5;6,18;6,18;0,26
35;34;18,08;24,5;21,7;5,19;5,19;0,283
35;34;18,08;24,5;22,9;3,06;3,06;0,199
35;34;18,08;24,5;24,1;0,64;0,64;0,069
35;35;18,37;26,15;0,1;20,44;20,44;1,12
35;35;18,37;26,15;0,7;19,26;19,26;0,993
35;35;18,37;26,15;1,3;18,37;18,37;0,914
35;35;18,37;26,15;2,5;17,67;17,67;0,788
35;35;18,37;26,15;3,7;17,38;17,38;0,57
35;35;18,37;26,15;4,9;16,93;16,93;0,767
35;35;18,37;26,15;6,1;16,36;16,36;0,637
35;35;18,37;26,15;7,3;15,6;15,6;0,484
35;35;18,37;26,15;8,5;14,83;14,83;0,356
35;35;18,37;26,15;9,7;14,32;14,32;0,433
35;35;18,37;26,15;10,9;13,37;13,37;0,34
35;35;18,37;26,15;12,1;12,86;12,86;0,337
35;35;18,37;26,15;13,3;12,16;12,16;0,369
35;35;18,37;26,15;14,5;11,46;11,46;0,351
35;35;18,37;26,15;15,7;10,73;10,73;0,323
35;35;18,37;26,15;16,9;10,03;10,03;0,314
35;35;18,37;26,15;18,1;9,1;9,1;0,287
35;35;18,37;26,15;19,3;8,12;8,12;0,318
35;35;18,37;26,15;20,5;7,07;7,07;0,278
35;35;18,37;26,15;21,7;6,18;6,18;0,265
35;35;18,37;26,15;22,9;5,09;5,09;0,273
35;35;18,37;26,15;24,1;3,53;3,53;0,202
35;35;18,37;26,15;25,3;1,4;1,4;0,108
35;35;18,37;26,15;25,5;0,95;0,95;0,103
35;36;8,44;17,25;0,1;11,14;11,14;0,95
35;36;8,44;17,25;0,7;9,17;9,17;0,598
35;36;8,44;17,25;1,3;8,44;8,44;0,488
35;36;8,44;17,25;2,5;7,8;7,8;0,297
35;36;8,44;17,25;3,7;7,32;7,32;0,223
35;36;8,44;17,25;4,9;6,94;6,94;0,198
35;36;8,44;17,25;6,1;6,68;6,68;0,208
35;36;8,44;17,25;7,3;6,18;6,18;0,203
35;36;8,44;17,25;8,5;5,54;5,54;0,165
35;36;8,44;17,25;9,7;5,16;5,16;0,139
35;36;8,44;17,25;10,9;4,84;4,84;0,146
35;36;8,44;17,25;12,1;4,46;4,46;0,145
35;36;8,44;17,25;13,3;3,44;3,44;0,126
35;36;8,44;17,25;14,5;2,77;2,77;0,165
35;36;8,44;17,25;15,7;2,2;2,2;0,126
35;36;8,44;17,25;16,5;0,73;0,73;0,046
35;37;13,56;25,36;0,1;15,85;15,85;0,926
35;37;13,56;25,36;0,7;14,1;14,1;0,648
35;37;13,56;25,36;1,3;13,56;13,56;0,558
35;37;13,56;25,36;2,5;12,89;12,89;0,466
35;37;13,56;25,36;3,7;12,57;12,57;0,454
35;37;13,56;25,36;4,9;12,41;12,41;0,35
35;37;13,56;25,36;6,1;12,03;12,03;0,308
35;37;13,56;25,36;7,3;11,46;11,46;0,358
35;37;13,56;25,36;8,5;11,14;11,14;0,269
35;37;13,56;25,36;9,7;10,7;10,7;0,28
35;37;13,56;25,36;10,9;10,19;10,19;0,233
35;37;13,56;25,36;12,1;9,9;9,9;0,268
35;37;13,56;25,36;13,3;9,29;9,29;0,221
35;37;13,56;25,36;14,5;8,85;8,85;0,214
35;37;13,56;25,36;15,7;8,02;8,02;0,21
35;37;13,56;25,36;16,9;7,54;7,54;0,251
35;37;13,56;25,36;18,1;7,13;7,13;0,214
35;37;13,56;25,36;19,3;6,37;6,37;0,178
35;37;13,56;25,36;20,5;5,41;5,41;0,261
35;37;13,56;25,36;21,7;4,42;4,42;0,201
35;37;13,56;25,36;22,9;3,02;3,02;0,165
35;37;13,56;25,36;24,1;1,62;1,62;0,114
35;37;13,56;25,36;24,6;0,73;0,73;0,076
35;38;11,75;23,8;0,1;14,01;14,01;0,85
35;38;11,75;23,8;0,7;12,64;12,64;0,549
35;38;11,75;23,8;1,3;11,75;11,75;0,404
35;38;11,75;23,8;2,5;11,46;11,46;0,37
35;38;11,75;23,8;3,7;11,24;11,24;0,305
35;38;11,75;23,8;4,9;10,6;10,6;0,246
35;38;11,75;23,8;6,1;10,44;10,44;0,31
35;38;11,75;23,8;7,3;10,15;10,15;0,24
35;38;11,75;23,8;8,5;9,52;9,52;0,215
35;38;11,75;23,8;9,7;8,91;8,91;0,227
35;38;11,75;23,8;10,9;8,75;8,75;0,255
35;38;11,75;23,8;12,1;8,05;8,05;0,213
35;38;11,75;23,8;13,3;7,83;7,83;0,209
35;38;11,75;23,8;14,5;7,19;7,19;0,175
35;38;11,75;23,8;15,7;6,62;6,62;0,169
35;38;11,75;23,8;16,9;5,98;5,98;0,164
35;38;11,75;23,8;18,1;5,16;5,16;0,147
35;38;11,75;23,8;19,3;4,58;4,58;0,133
35;38;11,75;23,8;20,5;3,76;3,76;0,167
35;38;11,75;23,8;21,7;2,58;2,58;0,118
35;38;11,75;23,8;22,9;1,21;1,21;0,106
35;39;12,48;25,5;0,1;15,44;15,44;0,909
35;39;12,48;25,5;0,7;13,08;13,08;0,655
35;39;12,48;25,5;1,3;12,48;12,48;0,482
35;39;12,48;25,5;2,5;12,16;12,16;0,4
35;39;12,48;25,5;3,7;11,84;11,84;0,474
35;39;12,48;25,5;4,9;11,27;11,27;0,414
35;39;12,48;25,5;6,1;11,01;11,01;0,336
35;39;12,48;25,5;7,3;10,66;10,66;0,296
35;39;12,48;25,5;8,5;10,31;10,31;0,27
35;39;12,48;25,5;9,7;10,12;10,12;0,263
35;39;12,48;25,5;10,9;9,39;9,39;0,219
35;39;12,48;25,5;12,1;8,91;8,91;0,255
35;39;12,48;25,5;13,3;8,47;8,47;0,201
35;39;12,48;25,5;14,5;7,83;7,83;0,204
35;39;12,48;25,5;15,7;7,32;7,32;0,174
35;39;12,48;25,5;16,9;6,75;6,75;0,162
35;39;12,48;25,5;18,1;6,18;6,18;0,171
35;39;12,48;25,5;19,3;5,89;5,89;0,161
35;39;12,48;25,5;20,5;4,97;4,97;0,161
35;39;12,48;25,5;21,7;4,17;4,17;0,18
35;39;12,48;25,5;22,9;2,93;2,93;0,135
35;39;12,48;25,5;24,1;2,07;2,07;0,122
35;39;12,48;25,5;24,9;0,86;0,86;0,036
35;40;20,69;30,1;0,1;23,94;23,94;1,278
35;40;20,69;30,1;0,7;21,55;21,55;1,063
35;40;20,69;30,1;1,3;20,69;20,69;0,983
35;40;20,69;30,1;2,5;20,05;20,05;0,904
35;40;20,69;30,1;3,7;19,74;19,74;0,846
35;40;20,69;30,1;4,9;19,29;19,29;0,808
35;40;20,69;30,1;6,1;18,68;18,68;0,809
35;40;20,69;30,1;7,3;18,4;18,4;0,66
35;40;20,69;30,1;8,5;18,14;18,14;0,616
35;40;20,69;30,1;9,7;17,51;17,51;0,555
35;40;20,69;30,1;10,9;16,55;16,55;0,485
35;40;20,69;30,1;12,1;16,14;16,14;0,469
35;40;20,69;30,1;13,3;15,47;15,47;0,48
35;40;20,69;30,1;14,5;14,96;14,96;0,447
35;40;20,69;30,1;15,7;14,16;14,16;0,465
35;40;20,69;30,1;16,9;13,31;13,31;0,405
35;40;20,69;30,1;18,1;12,57;12,57;0,34
35;40;20,69;30,1;19,3;11,75;11,75;0,383
35;40;20,69;30,1;20,5;10,92;10,92;0,377
35;40;20,69;30,1;21,7;10,12;10,12;0,383
35;40;20,69;30,1;22,9;9,2;9,2;0,343
35;40;20,69;30,1;24,1;7,96;7,96;0,255
35;40;20,69;30,1;25,3;6,72;6,72;0,32
35;40;20,69;30,1;26,5;5,41;5,41;0,285
35;40;20,69;30,1;27,7;4,07;4,07;0,18
35;40;20,69;30,1;28,9;1,88;1,88;0,125
35;40;20,69;30,1;29,5;0,99;0,99;0,09
35;41;21,45;30,7;0,1;25,69;25,69;1,204
35;41;21,45;30,7;0,7;23,01;23,01;1,147
35;41;21,45;30,7;1,3;21,45;21,45;0,865
35;41;21,45;30,7;2,5;20,69;20,69;0,913
35;41;21,45;30,7;3,7;20,37;20,37;0,622
35;41;21,45;30,7;4,9;20,05;20,05;0,625
35;41;21,45;30,7;6,1;19,39;19,39;0,583
35;41;21,45;30,7;7,3;18,97;18,97;0,563
35;41;21,45;30,7;8,5;18,3;18,3;0,504
35;41;21,45;30,7;9,7;17,63;17,63;0,454
35;41;21,45;30,7;10,9;17,19;17,19;0,413
35;41;21,45;30,7;12,1;16,55;16,55;0,399
35;41;21,45;30,7;13,3;16,07;16,07;0,418
35;41;21,45;30,7;14,5;15,79;15,79;0,39
35;41;21,45;30,7;15,7;14,51;14,51;0,399
35;41;21,45;30,7;16,9;14,07;14,07;0,445
35;41;21,45;30,7;18,1;13,11;13,11;0,403
35;41;21,45;30,7;19,3;12,41;12,41;0,365
35;41;21,45;30,7;20,5;11,49;11,49;0,35
35;41;21,45;30,7;21,7;11,08;11,08;0,404
35;41;21,45;30,7;22,9;9,58;9,58;0,332
35;41;21,45;30,7;24,1;8,94;8,94;0,34
35;41;21,45;30,7;25,3;8,02;8,02;0,304
35;41;21,45;30,7;26,5;6,81;6,81;0,345
35;41;21,45;30,7;27,7;4,81;4,81;0,278
35;41;21,45;30,7;28,9;3,6;3,6;0,316
35;41;21,45;30,7;30,1;0,73;0,73;0,1
26;42;18,94;26;0,1;23,87;23,87;1,092
26;42;18,94;26;0,7;19,89;19,89;0,855
26;42;18,94;26;1,3;18,94;18,94;0,762
26;42;18,94;26;2,5;17,7;17,7;0,573
26;42;18,94;26;3,7;17;17;0,342
26;42;18,94;26;4,9;16,55;16,55;0,358
26;42;18,94;26;6,1;16,39;16,39;0,38
26;42;18,94;26;7,3;15,57;15,57;0,363
26;42;18,94;26;8,5;14,93;14,93;0,335
26;42;18,94;26;9,7;14,58;14,58;0,338
26;42;18,94;26;10,9;14,2;14,2;0,401
26;42;18,94;26;12,1;13,21;13,21;0,321
26;42;18,94;26;13,3;12,54;12,54;0,359
26;42;18,94;26;14,5;11,46;11,46;0,321
26;42;18,94;26;15,7;10,82;10,82;0,296
26;42;18,94;26;16,9;10,38;10,38;0,338
26;42;18,94;26;18,1;9,61;9,61;0,246
26;42;18,94;26;19,3;8,37;8,37;0,286
26;42;18,94;26;20,5;7,8;7,8;0,333
26;42;18,94;26;21,7;7;7;0,33
26;42;18,94;26;22,9;5,16;5,16;0,251
26;42;18,94;26;24,1;3,5;3,5;0,172
26;42;18,94;26;25,3;1,34;1,34;0,114
26;42;18,94;26;25,6;0,95;0,95;0,071
26;43;10,25;18,2;0,1;14,64;14,64;0,702
26;43;10,25;18,2;0,7;10,98;10,98;0,327
26;43;10,25;18,2;1,3;10,25;10,25;0,265
26;43;10,25;18,2;2,5;9,71;9,71;0,165
26;43;10,25;18,2;3,7;8,98;8,98;0,207
26;43;10,25;18,2;4,9;8,59;8,59;0,164
26;43;10,25;18,2;6,1;8,12;8,12;0,173
26;43;10,25;18,2;7,3;7,64;7,64;0,179
26;43;10,25;18,2;8,5;7,1;7,1;0,144
26;43;10,25;18,2;9,7;6,65;6,65;0,145
26;43;10,25;18,2;10,9;6,21;6,21;0,16
26;43;10,25;18,2;12,1;5,41;5,41;0,144
26;43;10,25;18,2;13,3;4,77;4,77;0,117
26;43;10,25;18,2;14,5;4,2;4,2;0,153
26;43;10,25;18,2;15,7;3,34;3,34;0,131
26;43;10,25;18,2;16,9;2,04;2,04;0,108
26;43;10,25;18,2;17,8;0,89;0,89;0,073
26;44;12,41;21,2;0,1;15,6;15,6;0,681
26;44;12,41;21,2;0,7;13,21;13,21;0,55
26;44;12,41;21,2;1,3;12,41;12,41;0,346
26;44;12,41;21,2;2,5;12,03;12,03;0,287
26;44;12,41;21,2;3,7;11,62;11,62;0,234
26;44;12,41;21,2;4,9;10,92;10,92;0,211
26;44;12,41;21,2;6,1;10,41;10,41;0,193
26;44;12,41;21,2;7,3;9,93;9,93;0,189
26;44;12,41;21,2;8,5;9,39;9,39;0,174
26;44;12,41;21,2;9,7;8,91;8,91;0,185
26;44;12,41;21,2;10,9;8,34;8,34;0,147
26;44;12,41;21,2;12,1;7,8;7,8;0,161
26;44;12,41;21,2;13,3;7,16;7,16;0,167
26;44;12,41;21,2;14,5;6,56;6,56;0,146
26;44;12,41;21,2;15,7;6,02;6,02;0,148
26;44;12,41;21,2;16,9;5,16;5,16;0,155
26;44;12,41;21,2;18,1;4,2;4,2;0,15
26;44;12,41;21,2;19,3;2,86;2,86;0,145
26;44;12,41;21,2;20,5;1,59;1,59;0,118
26;44;12,41;21,2;20,7;0,89;0,89;0,06
26;45;13,37;23,8;0,1;14,8;14,8;0,538
26;45;13,37;23,8;0,7;13,85;13,85;0,472
26;45;13,37;23,8;1,3;13,37;13,37;0,44
26;45;13,37;23,8;2,5;12,73;12,73;0,372
26;45;13,37;23,8;3,7;12,25;12,25;0,327
26;45;13,37;23,8;4,9;11,78;11,78;0,249
26;45;13,37;23,8;6,1;11,3;11,3;0,212
26;45;13,37;23,8;7,3;10,89;10,89;0,219
26;45;13,37;23,8;8,5;10,41;10,41;0,217
26;45;13,37;23,8;9,7;10,03;10,03;0,192
26;45;13,37;23,8;10,9;9,71;9,71;0,205
26;45;13,37;23,8;12,1;9,1;9,1;0,206
26;45;13,37;23,8;13,3;8,59;8,59;0,201
26;45;13,37;23,8;14,5;7,89;7,89;0,2
26;45;13,37;23,8;15,7;7,32;7,32;0,193
26;45;13,37;23,8;16,9;6,65;6,65;0,2
26;45;13,37;23,8;18,1;5,83;5,83;0,194
26;45;13,37;23,8;19,3;5,19;5,19;0,188
26;45;13,37;23,8;20,5;4,58;4,58;0,198
26;45;13,37;23,8;21,7;2,99;2,99;0,159
26;45;13,37;23,8;22,9;1,27;1,27;0,106
26;46;7,96;14,8;0,1;11,05;11,05;0,42
26;46;7,96;14,8;0,7;8,69;8,69;0,294
26;46;7,96;14,8;1,3;7,96;7,96;0,311
26;46;7,96;14,8;2,5;7,32;7,32;0,19
26;46;7,96;14,8;3,7;6,91;6,91;0,165
26;46;7,96;14,8;4,9;6,53;6,53;0,15
26;46;7,96;14,8;6,1;6,21;6,21;0,174
26;46;7,96;14,8;7,3;5,83;5,83;0,184
26;46;7,96;14,8;8,5;5,09;5,09;0,195
26;46;7,96;14,8;9,7;4,62;4,62;0,137
26;46;7,96;14,8;10,9;3,82;3,82;0,178
26;46;7,96;14,8;12,1;3,6;3,6;0,138
26;46;7,96;14,8;13,3;2,32;2,32;0,138
26;46;7,96;14,8;14,3;0,83;0,83;0,073
26;47;18,62;25,8;0,1;21,96;21,96;0,878
26;47;18,62;25,8;0,7;19,1;19,1;0,643
26;47;18,62;25,8;1,3;18,62;18,62;0,591
26;47;18,62;25,8;2,5;17,6;17,6;0,43
26;47;18,62;25,8;3,7;16,55;16,55;0,368
26;47;18,62;25,8;4,9;16,33;16,33;0,367
26;47;18,62;25,8;6,1;15,92;15,92;0,372
26;47;18,62;25,8;7,3;15,28;15,28;0,384
26;47;18,62;25,8;8,5;14,96;14,96;0,346
26;47;18,62;25,8;9,7;14,23;14,23;0,34
26;47;18,62;25,8;10,9;13,43;13,43;0,321
26;47;18,62;25,8;12,1;12,73;12,73;0,308
26;47;18,62;25,8;13,3;12,38;12,38;0,339
26;47;18,62;25,8;14,5;11,2;11,2;0,349
26;47;18,62;25,8;15,7;10,7;10,7;0,303
26;47;18,62;25,8;16,9;10,09;10,09;0,308
26;47;18,62;25,8;18,1;8,91;8,91;0,26
26;47;18,62;25,8;19,3;7,96;7,96;0,269
26;47;18,62;25,8;20,5;7,32;7,32;0,287
26;47;18,62;25,8;21,7;6,37;6,37;0,266
26;47;18,62;25,8;22,9;4,71;4,71;0,197
26;47;18,62;25,8;24,1;3,02;3,02;0,144
26;47;18,62;25,8;25,3;0,95;0,95;0,107
26;48;12,1;21,9;0,1;14,16;14,16;0,743
26;48;12,1;21,9;0,7;12,41;12,41;0,517
26;48;12,1;21,9;1,3;12,1;12,1;0,605
26;48;12,1;21,9;2,5;11,14;11,14;0,311
26;48;12,1;21,9;3,7;10,31;10,31;0,266
26;48;12,1;21,9;4,9;9,99;9,99;0,239
26;48;12,1;21,9;6,1;9,61;9,61;0,264
26;48;12,1;21,9;7,3;9,29;9,29;0,276
26;48;12,1;21,9;8,5;9,01;9,01;0,188
26;48;12,1;21,9;9,7;8,69;8,69;0,178
26;48;12,1;21,9;10,9;8,05;8,05;0,2
26;48;12,1;21,9;12,1;7,64;7,64;0,195
26;48;12,1;21,9;13,3;7,07;7,07;0,191
26;48;12,1;21,9;14,5;6,53;6,53;0,175
26;48;12,1;21,9;15,7;5,73;5,73;0,176
26;48;12,1;21,9;16,9;5,19;5,19;0,212
26;48;12,1;21,9;18,1;4,3;4,3;0,132
26;48;12,1;21,9;19,3;3,57;3,57;0,141
26;48;12,1;21,9;20,5;2,16;2,16;0,114
26;48;12,1;21,9;21,4;1,02;1,02;0,079
35;49;17,63;26,1;0,1;20,37;20,37;1,19
35;49;17,63;26,1;0,7;17,92;17,92;0,889
35;49;17,63;26,1;1,3;17,63;17,63;0,932
35;49;17,63;26,1;2,5;16,74;16,74;0,599
35;49;17,63;26,1;3,7;15,92;15,92;0,695
35;49;17,63;26,1;4,9;15,79;15,79;0,498
35;49;17,63;26,1;6,1;15,02;15,02;0,657
35;49;17,63;26,1;7,3;14,36;14,36;0,416
35;49;17,63;26,1;8,5;13,94;13,94;0,384
35;49;17,63;26,1;9,7;13,11;13,11;0,355
35;49;17,63;26,1;10,9;12,35;12,35;0,377
35;49;17,63;26,1;12,1;11,78;11,78;0,348
35;49;17,63;26,1;13,3;11,65;11,65;0,354
35;49;17,63;26,1;14,5;11,33;11,33;0,3
35;49;17,63;26,1;15,7;10,73;10,73;0,293
35;49;17,63;26,1;16,9;10,03;10,03;0,315
35;49;17,63;26,1;18,1;9,14;9,14;0,302
35;49;17,63;26,1;19,3;8,34;8,34;0,319
35;49;17,63;26,1;20,5;7,32;7,32;0,267
35;49;17,63;26,1;21,7;5,98;5,98;0,24
35;49;17,63;26,1;22,9;4,77;4,77;0,256
35;49;17,63;26,1;24,1;3,28;3,28;0,169
35;49;17,63;26,1;25,3;1,53;1,53;0,095
35;50;11,62;21,9;0,1;13,08;13,08;0,561
35;50;11,62;21,9;0,7;12;12;0,467
35;50;11,62;21,9;1,3;11,62;11,62;0,443
35;50;11,62;21,9;2,5;11,3;11,3;0,332
35;50;11,62;21,9;3,7;10,92;10,92;0,288
35;50;11,62;21,9;4,9;10,31;10,31;0,244
35;50;11,62;21,9;6,1;9,93;9,93;0,214
35;50;11,62;21,9;7,3;9,68;9,68;0,22
35;50;11,62;21,9;8,5;9,04;9,04;0,187
35;50;11,62;21,9;9,7;8,53;8,53;0,172
35;50;11,62;21,9;10,9;8,21;8,21;0,179
35;50;11,62;21,9;12,1;7,77;7,77;0,17
35;50;11,62;21,9;13,3;7,13;7,13;0,176
35;50;11,62;21,9;14,5;6,46;6,46;0,151
35;50;11,62;21,9;15,7;6,02;6,02;0,154
35;50;11,62;21,9;16,9;5,47;5,47;0,159
35;50;11,62;21,9;18,1;4,62;4,62;0,136
35;50;11,62;21,9;19,3;3,66;3,66;0,145
35;50;11,62;21,9;20,5;2,55;2,55;0,126
35;50;11,62;21,9;21,3;0,92;0,92;0,056
35;51;9,87;19,33;0,1;12,1;12,1;0,603
35;51;9,87;19,33;0,7;10,25;10,25;0,373
35;51;9,87;19,33;1,3;9,87;9,87;0,34
35;51;9,87;19,33;2,5;9,55;9,55;0,35
35;51;9,87;19,33;3,7;9,29;9,29;0,244
35;51;9,87;19,33;4,9;8,66;8,66;0,211
35;51;9,87;19,33;6,1;8,37;8,37;0,193
35;51;9,87;19,33;7,3;7,64;7,64;0,207
35;51;9,87;19,33;8,5;7,07;7,07;0,166
35;51;9,87;19,33;9,7;6,56;6,56;0,164
35;51;9,87;19,33;10,9;6,27;6,27;0,193
35;51;9,87;19,33;12,1;5,63;5,63;0,153
35;51;9,87;19,33;13,3;4,93;4,93;0,144
35;51;9,87;19,33;14,5;4,3;4,3;0,137
35;51;9,87;19,33;15,7;3,88;3,88;0,155
35;51;9,87;19,33;16,9;3,15;3,15;0,119
35;51;9,87;19,33;18,1;1,91;1,91;0,123
35;51;9,87;19,33;18,7;0,95;0,95;0,072
35;52;18,46;30,24;0,1;20,69;20,69;1,115
35;52;18,46;30,24;0,7;19,74;19,74;0,9
35;52;18,46;30,24;1,3;18,46;18,46;0,871
35;52;18,46;30,24;2,5;17,83;17,83;0,698
35;52;18,46;30,24;3,7;17,25;17,25;0,576
35;52;18,46;30,24;4,9;16,81;16,81;0,517
35;52;18,46;30,24;6,1;16,68;16,68;0,415
35;52;18,46;30,24;7,3;15,76;15,76;0,345
35;52;18,46;30,24;8,5;15,5;15,5;0,363
35;52;18,46;30,24;9,7;15,02;15,02;0,338
35;52;18,46;30,24;10,9;14,39;14,39;0,331
35;52;18,46;30,24;12,1;13,69;13,69;0,304
35;52;18,46;30,24;13,3;13,21;13,21;0,318
35;52;18,46;30,24;14,5;12,64;12,64;0,36
35;52;18,46;30,24;15,7;12,22;12,22;0,361
35;52;18,46;30,24;16,9;11,62;11,62;0,36
35;52;18,46;30,24;18,1;10,73;10,73;0,33
35;52;18,46;30,24;19,3;10,25;10,25;0,376
35;52;18,46;30,24;20,5;9,61;9,61;0,3
35;52;18,46;30,24;21,7;8,91;8,91;0,317
35;52;18,46;30,24;22,9;8,12;8,12;0,371
35;52;18,46;30,24;24,1;7,16;7,16;0,296
35;52;18,46;30,24;25,3;6,59;6,59;0,347
35;52;18,46;30,24;26,5;5,47;5,47;0,282
35;52;18,46;30,24;27,7;4,46;4,46;0,235
35;52;18,46;30,24;28,9;2,86;2,86;0,161
35;52;18,46;30,24;29,9;0,8;0,8;0,077
35;53;8,59;17,76;0,1;10,7;10,7;0,521
35;53;8,59;17,76;0,7;8,91;8,91;0,346
35;53;8,59;17,76;1,3;8,59;8,59;0,274
35;53;8,59;17,76;2,5;8,21;8,21;0,232
35;53;8,59;17,76;3,7;7,8;7,8;0,182
35;53;8,59;17,76;4,9;7,38;7,38;0,21
35;53;8,59;17,76;6,1;7,1;7,1;0,232
35;53;8,59;17,76;7,3;6,84;6,84;0,189
35;53;8,59;17,76;8,5;6,24;6,24;0,149
35;53;8,59;17,76;9,7;5,63;5,63;0,143
35;53;8,59;17,76;10,9;4,87;4,87;0,172
35;53;8,59;17,76;12,1;4,42;4,42;0,105
35;53;8,59;17,76;13,3;3,76;3,76;0,098
35;53;8,59;17,76;14,5;3,18;3,18;0,105
35;53;8,59;17,76;15,7;2,39;2,39;0,095
35;53;8,59;17,76;16,9;1,4;1,4;0,084
35;53;8,59;17,76;17,1;0,89;0,89;0,055
35;54;14,64;26,36;0,1;16,49;16,49;0,89
35;54;14,64;26,36;0,7;14,93;14,93;0,684
35;54;14,64;26,36;1,3;14,64;14,64;0,633
35;54;14,64;26,36;2,5;14,26;14,26;0,614
35;54;14,64;26,36;3,7;13,46;13,46;0,341
35;54;14,64;26,36;4,9;13,46;13,46;0,329
35;54;14,64;26,36;6,1;13,15;13,15;0,36
35;54;14,64;26,36;7,3;12,8;12,8;0,351
35;54;14,64;26,36;8,5;12,16;12,16;0,31
35;54;14,64;26,36;9,7;11,62;11,62;0,36
35;54;14,64;26,36;10,9;11,33;11,33;0,291
35;54;14,64;26,36;12,1;10,66;10,66;0,283
35;54;14,64;26,36;13,3;10,35;10,35;0,332
35;54;14,64;26,36;14,5;9,71;9,71;0,293
35;54;14,64;26,36;15,7;9,23;9,23;0,267
35;54;14,64;26,36;16,9;8,59;8,59;0,227
35;54;14,64;26,36;18,1;7,96;7,96;0,241
35;54;14,64;26,36;19,3;7,45;7,45;0,261
35;54;14,64;26,36;20,5;6,49;6,49;0,222
35;54;14,64;26,36;21,7;5,86;5,86;0,248
35;54;14,64;26,36;22,9;4,68;4,68;0,228
35;54;14,64;26,36;24,1;3,5;3,5;0,171
35;54;14,64;26,36;25,3;1,91;1,91;0,126
35;54;14,64;26,36;25,69;0,99;0,99;0,07
35;55;16,23;23,34;0,1;19,1;19,1;1,086
35;55;16,23;23,34;0,7;16,55;16,55;0,842
35;55;16,23;23,34;1,3;16,23;16,23;0,776
35;55;16,23;23,34;2,5;15,09;15,09;0,61
35;55;16,23;23,34;3,7;14,55;14,55;0,609
35;55;16,23;23,34;4,9;14,16;14,16;0,425
35;55;16,23;23,34;6,1;13,11;13,11;0,396
35;55;16,23;23,34;7,3;12,89;12,89;0,437
35;55;16,23;23,34;8,5;12,48;12,48;0,315
35;55;16,23;23,34;9,7;11,68;11,68;0,304
35;55;16,23;23,34;10,9;11,27;11,27;0,292
35;55;16,23;23,34;12,1;10,41;10,41;0,298
35;55;16,23;23,34;13,3;9,74;9,74;0,3
35;55;16,23;23,34;14,5;9,2;9,2;0,307
35;55;16,23;23,34;15,7;8,5;8,5;0,283
35;55;16,23;23,34;16,9;7,7;7,7;0,284
35;55;16,23;23,34;18,1;6,88;6,88;0,302
35;55;16,23;23,34;19,3;6,21;6,21;0,302
35;55;16,23;23,34;20,5;5,09;5,09;0,228
35;55;16,23;23,34;21,7;2,99;2,99;0,152
35;55;16,23;23,34;22,9;0,95;0,95;0,072
35;56;17,35;26,97;0,1;19,26;19,26;0,888
35;56;17,35;26,97;0,7;17,67;17,67;0,807
35;56;17,35;26,97;1,3;17,35;17,35;0,76
35;56;17,35;26,97;2,5;17;17;0,746
35;56;17,35;26,97;3,7;16,87;16,87;0,604
35;56;17,35;26,97;4,9;16,3;16,3;0,488
35;56;17,35;26,97;6,1;15,88;15,88;0,423
35;56;17,35;26,97;7,3;15,22;15,22;0,385
35;56;17,35;26,97;8,5;14,64;14,64;0,348
35;56;17,35;26,97;9,7;14,07;14,07;0,35
35;56;17,35;26,97;10,9;13,46;13,46;0,317
35;56;17,35;26,97;12,1;12,99;12,99;0,343
35;56;17,35;26,97;13,3;12,32;12,32;0,366
35;56;17,35;26,97;14,5;11,62;11,62;0,323
35;56;17,35;26,97;15,7;10,98;10,98;0,332
35;56;17,35;26,97;16,9;10,41;10,41;0,322
35;56;17,35;26,97;18,1;9,49;9,49;0,314
35;56;17,35;26,97;19,3;8,69;8,69;0,293
35;56;17,35;26,97;20,5;7,8;7,8;0,293
35;56;17,35;26,97;21,7;7,19;7,19;0,279
35;56;17,35;26,97;22,9;6,14;6,14;0,262
35;56;17,35;26,97;24,1;4,77;4,77;0,234
35;56;17,35;26,97;25,3;3,28;3,28;0,179
35;56;17,35;26,97;26,5;0,92;0,92;0,078
53;57;6,53;12,15;0,1;8,12;8,12;0,339
53;57;6,53;12,15;0,7;7;7;0,26
53;57;6,53;12,15;1,3;6,53;6,53;0,205
53;57;6,53;12,15;2,5;6,18;6,18;0,202
53;57;6,53;12,15;3,7;5,98;5,98;0,2
53;57;6,53;12,15;4,9;5,32;5,32;0,172
53;57;6,53;12,15;6,1;4,87;4,87;0,19
53;57;6,53;12,15;7,3;4,36;4,36;0,163
53;57;6,53;12,15;8,5;3,88;3,88;0,176
53;57;6,53;12,15;9,7;3,25;3,25;0,142
53;57;6,53;12,15;10,9;2,04;2,04;0,133
53;57;6,53;12,15;11,6;0,95;0,95;0,069
53;58;20,37;29,32;0,1;22,92;22,92;1,016
53;58;20,37;29,32;0,7;20,94;20,94;0,905
53;58;20,37;29,32;1,3;20,37;20,37;0,784
53;58;20,37;29,32;2,5;19,42;19,42;0,724
53;58;20,37;29,32;3,7;18,75;18,75;0,711
53;58;20,37;29,32;4,9;18,46;18,46;0,621
53;58;20,37;29,32;6,1;18,24;18,24;0,617
53;58;20,37;29,32;7,3;17,92;17,92;0,602
53;58;20,37;29,32;8,5;17,06;17,06;0,483
53;58;20,37;29,32;9,7;16,68;16,68;0,618
53;58;20,37;29,32;10,9;16,39;16,39;0,64
53;58;20,37;29,32;12,1;16,01;16,01;0,377
53;58;20,37;29,32;13,3;15,02;15,02;0,451
53;58;20,37;29,32;14,5;14,01;14,01;0,46
53;58;20,37;29,32;15,7;13,21;13,21;0,377
53;58;20,37;29,32;16,9;12,61;12,61;0,368
53;58;20,37;29,32;18,1;12,38;12,38;0,433
53;58;20,37;29,32;19,3;10,95;10,95;0,354
53;58;20,37;29,32;20,5;10,12;10,12;0,329
53;58;20,37;29,32;21,7;9,26;9,26;0,353
53;58;20,37;29,32;22,9;8,44;8,44;0,365
53;58;20,37;29,32;24,1;7,13;7,13;0,317
53;58;20,37;29,32;25,3;5,63;5,63;0,301
53;58;20,37;29,32;26,5;4,49;4,49;0,278
53;58;20,37;29,32;27,7;2,55;2,55;0,159
53;58;20,37;29,32;28,9;0,89;0,89;0,071
53;59;21,01;30,74;0,1;23,24;23,24;1,21
53;59;21,01;30,74;0,7;21,96;21,96;1,032
53;59;21,01;30,74;1,3;21,01;21,01;0,805
53;59;21,01;30,74;2,5;20,21;20,21;0,739
53;59;21,01;30,74;3,7;19,74;19,74;0,638
53;59;21,01;30,74;4,9;19,1;19,1;0,686
53;59;21,01;30,74;6,1;18,81;18,81;0,696
53;59;21,01;30,74;7,3;18,62;18,62;0,666
53;59;21,01;30,74;8,5;17,92;17,92;0,672
53;59;21,01;30,74;9,7;17,25;17,25;0,636
53;59;21,01;30,74;10,9;17,13;17,13;0,63
53;59;21,01;30,74;12,1;15,92;15,92;0,497
53;59;21,01;30,74;13,3;15,63;15,63;0,449
53;59;21,01;30,74;14,5;14,96;14,96;0,452
53;59;21,01;30,74;15,7;14,51;14,51;0,458
53;59;21,01;30,74;16,9;13,91;13,91;0,372
53;59;21,01;30,74;18,1;13,37;13,37;0,464
53;59;21,01;30,74;19,3;12,67;12,67;0,467
53;59;21,01;30,74;20,5;11,05;11,05;0,457
53;59;21,01;30,74;21,7;10,5;10,5;0,437
53;59;21,01;30,74;22,9;9,45;9,45;0,41
53;59;21,01;30,74;24,1;8,59;8,59;0,399
53;59;21,01;30,74;25,3;7,48;7,48;0,364
53;59;21,01;30,74;26,5;6,49;6,49;0,378
53;59;21,01;30,74;27,7;4,62;4,62;0,296
53;59;21,01;30,74;28,9;3,06;3,06;0,187
53;59;21,01;30,74;30,1;1,11;1,11;0,068
53;60;7,38;12,83;0,1;9,17;9,17;0,322
53;60;7,38;12,83;0,7;7,7;7,7;0,236
53;60;7,38;12,83;1,3;7,38;7,38;0,167
53;60;7,38;12,83;2,5;7;7;0,157
53;60;7,38;12,83;3,7;6,65;6,65;0,15
53;60;7,38;12,83;4,9;6,05;6,05;0,16
53;60;7,38;12,83;6,1;5,54;5,54;0,165
53;60;7,38;12,83;7,3;5,06;5,06;0,133
53;60;7,38;12,83;8,5;4,33;4,33;0,131
53;60;7,38;12,83;9,7;3,57;3,57;0,116
53;60;7,38;12,83;10,9;2,83;2,83;0,139
53;60;7,38;12,83;12,1;1,21;1,21;0,071
53;61;8,91;19,92;0,1;11,4;11,4;0,313
53;61;8,91;19,92;0,7;9,39;9,39;0,269
53;61;8,91;19,92;1,3;8,91;8,91;0,273
53;61;8,91;19,92;2,5;8,53;8,53;0,217
53;61;8,91;19,92;3,7;8,24;8,24;0,267
53;61;8,91;19,92;4,9;7,86;7,86;0,214
53;61;8,91;19,92;6,1;7,48;7,48;0,179
53;61;8,91;19,92;7,3;7,23;7,23;0,18
53;61;8,91;19,92;8,5;6,81;6,81;0,157
53;61;8,91;19,92;9,7;6,4;6,4;0,16
53;61;8,91;19,92;10,9;5,73;5,73;0,128
53;61;8,91;19,92;12,1;5,47;5,47;0,185
53;61;8,91;19,92;13,3;4,68;4,68;0,177
53;61;8,91;19,92;14,5;4,27;4,27;0,154
53;61;8,91;19,92;15,7;3,69;3,69;0,143
53;61;8,91;19,92;16,9;3,15;3,15;0,112
53;61;8,91;19,92;18,1;1,91;1,91;0,093
53;61;8,91;19,92;18,6;1,05;1,05;0,051
53;62;18,78;28,7;0,1;21,01;21,01;1,185
53;62;18,78;28,7;0,7;19,58;19,58;0,972
53;62;18,78;28,7;1,3;18,78;18,78;0,86
53;62;18,78;28,7;2,5;18,4;18,4;0,42
53;62;18,78;28,7;3,7;17,67;17,67;0,767
53;62;18,78;28,7;4,9;17,25;17,25;0,711
53;62;18,78;28,7;6,1;16,97;16,97;0,745
53;62;18,78;28,7;7,3;16,81;16,81;0,6
53;62;18,78;28,7;8,5;16,01;16,01;0,605
53;62;18,78;28,7;9,7;15,85;15,85;0,5
53;62;18,78;28,7;10,9;14,96;14,96;0,609
53;62;18,78;28,7;12,1;14,48;14,48;0,459
53;62;18,78;28,7;13,3;14,29;14,29;0,519
53;62;18,78;28,7;14,5;12,92;12,92;0,432
53;62;18,78;28,7;15,7;12,32;12,32;0,433
53;62;18,78;28,7;16,9;11,9;11,9;0,388
53;62;18,78;28,7;18,1;11,14;11,14;0,395
53;62;18,78;28,7;19,3;10,57;10,57;0,389
53;62;18,78;28,7;20,5;9,93;9,93;0,362
53;62;18,78;28,7;21,7;8,66;8,66;0,32
53;62;18,78;28,7;22,9;7,77;7,77;0,348
53;62;18,78;28,7;24,1;6,53;6,53;0,324
53;62;18,78;28,7;25,3;5,28;5,28;0,328
53;62;18,78;28,7;26,5;3,66;3,66;0,259
53;62;18,78;28,7;27,7;2,74;2,74;0,144
53;62;18,78;28,7;28,1;0,95;0,95;0,087
53;63;7,96;15;0,1;11,9;11,9;0,719
53;63;7,96;15;0,7;8,75;8,75;0,561
53;63;7,96;15;1,3;7,96;7,96;0,392
53;63;7,96;15;2,5;7,8;7,8;0,397
53;63;7,96;15;3,7;6,53;6,53;0,275
53;63;7,96;15;4,9;6,18;6,18;0,307
53;63;7,96;15;6,1;5,47;5,47;0,239
53;63;7,96;15;7,3;4,97;4,97;0,15
53;63;7,96;15;8,5;4,62;4,62;0,136
53;63;7,96;15;9,7;4,01;4,01;0,139
53;63;7,96;15;10,9;3,82;3,82;0,153
53;63;7,96;15;12,1;3,21;3,21;0,157
53;63;7,96;15;13,3;2,55;2,55;0,128
53;63;7,96;15;14,5;0,89;0,89;0,083
53;64;20,69;30,3;0,1;23,87;23,87;1,227
53;64;20,69;30,3;0,7;21,71;21,71;1,099
53;64;20,69;30,3;1,3;20,69;20,69;0,775
53;64;20,69;30,3;2,5;20,15;20,15;0,862
53;64;20,69;30,3;3,7;19,35;19,35;0,726
53;64;20,69;30,3;4,9;19,1;19,1;0,729
53;64;20,69;30,3;6,1;18,88;18,88;0,658
53;64;20,69;30,3;7,3;18,14;18,14;0,643
53;64;20,69;30,3;8,5;17,73;17,73;0,699
53;64;20,69;30,3;9,7;17,6;17,6;0,496
53;64;20,69;30,3;10,9;16,52;16,52;0,537
53;64;20,69;30,3;12,1;16,04;16,04;0,465
53;64;20,69;30,3;13,3;15,6;15,6;0,445
53;64;20,69;30,3;14,5;14,55;14,55;0,445
53;64;20,69;30,3;15,7;13,46;13,46;0,434
53;64;20,69;30,3;16,9;13,21;13,21;0,385
53;64;20,69;30,3;18,1;13,02;13,02;0,416
53;64;20,69;30,3;19,3;11,97;11,97;0,371
53;64;20,69;30,3;20,5;11,05;11,05;0,386
53;64;20,69;30,3;21,7;10,31;10,31;0,367
53;64;20,69;30,3;22,9;9,42;9,42;0,382
53;64;20,69;30,3;24,1;8,05;8,05;0,398
53;64;20,69;30,3;25,3;7,48;7,48;0,405
53;64;20,69;30,3;26,5;5,73;5,73;0,247
53;64;20,69;30,3;27,7;4,01;4,01;0,145
53;64;20,69;30,3;28,9;2,23;2,23;0,117
53;64;20,69;30,3;29,7;1,11;1,11;0,093
53;65;13,69;25,57;0,1;15,47;15,47;0,881
53;65;13,69;25,57;0,7;14,1;14,1;0,651
53;65;13,69;25,57;1,3;13,69;13,69;0,651
53;65;13,69;25,57;2,5;13,4;13,4;0,64
53;65;13,69;25,57;3,7;12,89;12,89;0,694
53;65;13,69;25,57;4,9;12,57;12,57;0,503
53;65;13,69;25,57;6,1;12,06;12,06;0,486
53;65;13,69;25,57;7,3;11,78;11,78;0,46
53;65;13,69;25,57;8,5;11,24;11,24;0,464
53;65;13,69;25,57;9,7;10,66;10,66;0,478
53;65;13,69;25,57;10,9;10,06;10,06;0,439
53;65;13,69;25,57;12,1;9,45;9,45;0,348
53;65;13,69;25,57;13,3;8,59;8,59;0,296
53;65;13,69;25,57;14,5;8,09;8,09;0,253
53;65;13,69;25,57;15,7;7,7;7,7;0,26
53;65;13,69;25,57;16,9;7,07;7,07;0,259
53;65;13,69;25,57;18,1;6,49;6,49;0,238
53;65;13,69;25,57;19,3;5,92;5,92;0,245
53;65;13,69;25,57;20,5;5,41;5,41;0,239
53;65;13,69;25,57;21,7;4,65;4,65;0,242
53;65;13,69;25,57;22,9;3,82;3,82;0,207
53;65;13,69;25,57;24,1;2,45;2,45;0,144
53;65;13,69;25,57;25,07;0,95;0,95;0,065
53;66;17,35;28,59;0,1;20,37;20,37;1,012
53;66;17,35;28,59;0,7;18,4;18,4;0,802
53;66;17,35;28,59;1,3;17,35;17,35;0,766
53;66;17,35;28,59;2,5;17;17;0,707
53;66;17,35;28,59;3,7;16,71;16,71;0,644
53;66;17,35;28,59;4,9;16,42;16,42;0,623
53;66;17,35;28,59;6,1;16,23;16,23;0,546
53;66;17,35;28,59;7,3;15,28;15,28;0,589
53;66;17,35;28,59;8,5;14,96;14,96;0,529
53;66;17,35;28,59;9,7;14,32;14,32;0,462
53;66;17,35;28,59;10,9;14,01;14,01;0,405
53;66;17,35;28,59;12,1;12,96;12,96;0,437
53;66;17,35;28,59;13,3;12,1;12,1;0,358
53;66;17,35;28,59;14,5;11,71;11,71;0,356
53;66;17,35;28,59;15,7;11,14;11,14;0,4
53;66;17,35;28,59;16,9;10,35;10,35;0,327
53;66;17,35;28,59;18,1;9,36;9,36;0,318
53;66;17,35;28,59;19,3;8,5;8,5;0,335
53;66;17,35;28,59;20,5;7,86;7,86;0,296
53;66;17,35;28,59;21,7;7,13;7,13;0,338
53;66;17,35;28,59;22,9;6,05;6,05;0,309
53;66;17,35;28,59;24,1;4,84;4,84;0,294
53;66;17,35;28,59;25,3;3,5;3,5;0,224
53;66;17,35;28,59;26,5;2,29;2,29;0,186
53;66;17,35;28,59;27,7;1,27;1,27;0,085
53;67;21,33;28,52;0,1;24,51;24,51;1,115
53;67;21,33;28,52;0,7;21,96;21,96;0,982
53;67;21,33;28,52;1,3;21,33;21,33;0,938
53;67;21,33;28,52;2,5;19,89;19,89;0,818
53;67;21,33;28,52;3,7;19,61;19,61;0,877
53;67;21,33;28,52;4,9;19,26;19,26;0,889
53;67;21,33;28,52;6,1;19,1;19,1;0,955
53;67;21,33;28,52;7,3;18,78;18,78;0,81
53;67;21,33;28,52;8,5;17,83;17,83;0,726
53;67;21,33;28,52;9,7;17,28;17,28;0,575
53;67;21,33;28,52;10,9;16,62;16,62;0,529
53;67;21,33;28,52;12,1;15,85;15,85;0,454
53;67;21,33;28,52;13,3;15,44;15,44;0,477
53;67;21,33;28,52;14,5;14,23;14,23;0,448
53;67;21,33;28,52;15,7;13,11;13,11;0,421
53;67;21,33;28,52;16,9;12,48;12,48;0,41
53;67;21,33;28,52;18,1;11,71;11,71;0,447
53;67;21,33;28,52;19,3;10,95;10,95;0,485
53;67;21,33;28,52;20,5;10,19;10,19;0,393
53;67;21,33;28,52;21,7;8,88;8,88;0,393
53;67;21,33;28,52;22,9;7,7;7,7;0,349
53;67;21,33;28,52;24,1;7,16;7,16;0,344
53;67;21,33;28,52;25,3;5,41;5,41;0,332
53;67;21,33;28,52;26,5;3,66;3,66;0,239
53;67;21,33;28,52;27,7;1,69;1,69;0,126
53;67;21,33;28,52;28,1;0,95;0,95;0,077
53;68;10,6;19,5;0,1;13,05;13,05;0,848
53;68;10,6;19,5;0,7;11,24;11,24;0,418
53;68;10,6;19,5;1,3;10,6;10,6;0,377
53;68;10,6;19,5;2,5;10,28;10,28;0,427
53;68;10,6;19,5;3,7;9,68;9,68;0,327
53;68;10,6;19,5;4,9;9,23;9,23;0,284
53;68;10,6;19,5;6,1;8,91;8,91;0,357
53;68;10,6;19,5;7,3;8,24;8,24;0,235
53;68;10,6;19,5;8,5;7,67;7,67;0,232
53;68;10,6;19,5;9,7;7,42;7,42;0,245
53;68;10,6;19,5;10,9;6,59;6,59;0,277
53;68;10,6;19,5;12,1;6,37;6,37;0,221
53;68;10,6;19,5;13,3;5,41;5,41;0,21
53;68;10,6;19,5;14,5;4,84;4,84;0,209
53;68;10,6;19,5;15,7;4,14;4,14;0,2
53;68;10,6;19,5;16,9;3,34;3,34;0,177
53;68;10,6;19,5;18,1;2,55;2,55;0,157
53;68;10,6;19,5;19,1;1,11;1,11;0,099
53;69;15,66;26,82;0,1;19,74;19,74;1,047
53;69;15,66;26,82;0,7;15,92;15,92;0,689
53;69;15,66;26,82;1,3;15,66;15,66;0,725
53;69;15,66;26,82;2,5;15,12;15,12;0,642
53;69;15,66;26,82;3,7;14,71;14,71;0,617
53;69;15,66;26,82;4,9;14,32;14,32;0,62
53;69;15,66;26,82;6,1;13,85;13,85;0,556
53;69;15,66;26,82;7,3;13,37;13,37;0,55
53;69;15,66;26,82;8,5;13,05;13,05;0,563
53;69;15,66;26,82;9,7;12,89;12,89;0,458
53;69;15,66;26,82;10,9;11,94;11,94;0,431
53;69;15,66;26,82;12,1;11,24;11,24;0,449
53;69;15,66;26,82;13,3;10,66;10,66;0,419
53;69;15,66;26,82;14,5;10,41;10,41;0,401
53;69;15,66;26,82;15,7;9,45;9,45;0,335
53;69;15,66;26,82;16,9;8,75;8,75;0,347
53;69;15,66;26,82;18,1;8,12;8,12;0,327
53;69;15,66;26,82;19,3;7,42;7,42;0,344
53;69;15,66;26,82;20,5;6,75;6,75;0,362
53;69;15,66;26,82;21,7;5,95;5,95;0,336
53;69;15,66;26,82;22,9;5,19;5,19;0,316
53;69;15,66;26,82;24,1;4,3;4,3;0,268
53;69;15,66;26,82;25,3;2,55;2,55;0,2
53;69;15,66;26,82;26,32;0,99;0,99;0,071
53;70;14,32;26,73;0,1;16,87;16,87;0,942
53;70;14,32;26,73;0,7;14,96;14,96;0,724
53;70;14,32;26,73;1,3;14,32;14,32;0,504
53;70;14,32;26,73;2,5;14,07;14,07;0,618
53;70;14,32;26,73;3,7;13,53;13,53;0,503
53;70;14,32;26,73;4,9;13,15;13,15;0,518
53;70;14,32;26,73;6,1;12,83;12,83;0,49
53;70;14,32;26,73;7,3;12,41;12,41;0,471
53;70;14,32;26,73;8,5;12,25;12,25;0,494
53;70;14,32;26,73;9,7;11,78;11,78;0,479
53;70;14,32;26,73;10,9;11,46;11,46;0,395
53;70;14,32;26,73;12,1;10,5;10,5;0,475
53;70;14,32;26,73;13,3;10,09;10,09;0,402
53;70;14,32;26,73;14,5;9,61;9,61;0,445
53;70;14,32;26,73;15,7;8,75;8,75;0,394
53;70;14,32;26,73;16,9;8,09;8,09;0,394
53;70;14,32;26,73;18,1;7,42;7,42;0,277
53;70;14,32;26,73;19,3;6,68;6,68;0,3
53;70;14,32;26,73;20,5;6,21;6,21;0,321
53;70;14,32;26,73;21,7;5,63;5,63;0,276
53;70;14,32;26,73;22,9;4,71;4,71;0,273
53;70;14,32;26,73;24,1;3,79;3,79;0,194
53;70;14,32;26,73;25,3;2,55;2,55;0,161
53;70;14,32;26,73;26,2;0,99;0,99;0,066
53;71;18,46;30,93;0,1;21,42;21,42;0,925
53;71;18,46;30,93;0,7;19,1;19,1;0,782
53;71;18,46;30,93;1,3;18,46;18,46;0,695
53;71;18,46;30,93;2,5;18,21;18,21;0,634
53;71;18,46;30,93;3,7;17,51;17,51;0,556
53;71;18,46;30,93;4,9;17,09;17,09;0,565
53;71;18,46;30,93;6,1;16,97;16,97;0,592
53;71;18,46;30,93;7,3;16,81;16,81;0,508
53;71;18,46;30,93;8,5;16,55;16,55;0,659
53;71;18,46;30,93;9,7;15,6;15,6;0,383
53;71;18,46;30,93;10,9;14,96;14,96;0,343
53;71;18,46;30,93;12,1;14,45;14,45;0,343
53;71;18,46;30,93;13,3;13,91;13,91;0,38
53;71;18,46;30,93;14,5;13,56;13,56;0,35
53;71;18,46;30,93;15,7;12,89;12,89;0,373
53;71;18,46;30,93;16,9;12,51;12,51;0,372
53;71;18,46;30,93;18,1;11,78;11,78;0,324
53;71;18,46;30,93;19,3;11,14;11,14;0,352
53;71;18,46;30,93;20,5;10,09;10,09;0,337
53;71;18,46;30,93;21,7;9,49;9,49;0,386
53;71;18,46;30,93;22,9;8,91;8,91;0,324
53;71;18,46;30,93;24,1;8,59;8,59;0,31
53;71;18,46;30,93;25,3;7,48;7,48;0,284
53;71;18,46;30,93;26,5;6,68;6,68;0,294
53;71;18,46;30,93;27,7;5,16;5,16;0,311
53;71;18,46;30,93;28,9;3,66;3,66;0,238
53;71;18,46;30,93;30,1;1,75;1,75;0,128
53;71;18,46;30,93;30,45;1,05;1,05;0,078
53;72;13,05;25,34;0,1;14,8;14,8;0,782
53;72;13,05;25,34;0,7;13,75;13,75;0,622
53;72;13,05;25,34;1,3;13,05;13,05;0,528
53;72;13,05;25,34;2,5;12,45;12,45;0,493
53;72;13,05;25,34;3,7;12,1;12,1;0,498
53;72;13,05;25,34;4,9;11,84;11,84;0,43
53;72;13,05;25,34;6,1;11,52;11,52;0,486
53;72;13,05;25,34;7,3;10,98;10,98;0,434
53;72;13,05;25,34;8,5;10,5;10,5;0,437
53;72;13,05;25,34;9,7;9,96;9,96;0,397
53;72;13,05;25,34;10,9;9,42;9,42;0,39
53;72;13,05;25,34;12,1;8,79;8,79;0,326
53;72;13,05;25,34;13,3;8,66;8,66;0,344
53;72;13,05;25,34;14,5;7,96;7,96;0,382
53;72;13,05;25,34;15,7;7,32;7,32;0,257
53;72;13,05;25,34;16,9;6,53;6,53;0,234
53;72;13,05;25,34;18,1;6,05;6,05;0,232
53;72;13,05;25,34;19,3;5,51;5,51;0,261
53;72;13,05;25,34;20,5;4,97;4,97;0,266
53;72;13,05;25,34;21,7;4,58;4,58;0,223
53;72;13,05;25,34;22,9;3,57;3,57;0,202
53;72;13,05;25,34;24,1;1,97;1,97;0,097
53;72;13,05;25,34;24,8;0,86;0,86;0,055
53;73;16,87;30;0,1;19,51;19,51;0,883
53;73;16,87;30;0,7;17,6;17,6;0,735
53;73;16,87;30;1,3;16,87;16,87;0,677
53;73;16,87;30;2,5;16,46;16,46;0,582
53;73;16,87;30;3,7;16,07;16,07;0,54
53;73;16,87;30;4,9;15,76;15,76;0,561
53;73;16,87;30;6,1;15,44;15,44;0,52
53;73;16,87;30;7,3;15,28;15,28;0,466
53;73;16,87;30;8,5;14,96;14,96;0,451
53;73;16,87;30;9,7;14,48;14,48;0,371
53;73;16,87;30;10,9;13,97;13,97;0,365
53;73;16,87;30;12,1;13,37;13,37;0,329
53;73;16,87;30;13,3;13,05;13,05;0,338
53;73;16,87;30;14,5;12,41;12,41;0,341
53;73;16,87;30;15,7;11,46;11,46;0,323
53;73;16,87;30;16,9;10,98;10,98;0,299
53;73;16,87;30;18,1;10,66;10,66;0,313
53;73;16,87;30;19,3;9,99;9,99;0,317
53;73;16,87;30;20,5;9,17;9,17;0,368
53;73;16,87;30;21,7;8,66;8,66;0,339
53;73;16,87;30;22,9;8,4;8,4;0,324
53;73;16,87;30;24,1;7,32;7,32;0,258
53;73;16,87;30;25,3;6,21;6,21;0,26
53;73;16,87;30;26,5;5,09;5,09;0,167
53;73;16,87;30;27,7;3,63;3,63;0,148
53;73;16,87;30;28,9;2,16;2,16;0,132
53;73;16,87;30;29,39;0,92;0,92;0,066
53;74;10,19;23,3;0,1;11,68;11,68;0,427
53;74;10,19;23,3;0,7;10,66;10,66;0,345
53;74;10,19;23,3;1,3;10,19;10,19;0,287
53;74;10,19;23,3;2,5;9,93;9,93;0,293
53;74;10,19;23,3;3,7;9,71;9,71;0,274
53;74;10,19;23,3;4,9;9,39;9,39;0,284
53;74;10,19;23,3;6,1;9,07;9,07;0,254
53;74;10,19;23,3;7,3;8,91;8,91;0,251
53;74;10,19;23,3;8,5;8,66;8,66;0,213
53;74;10,19;23,3;9,7;8,31;8,31;0,187
53;74;10,19;23,3;10,9;7,64;7,64;0,196
53;74;10,19;23,3;12,1;7,19;7,19;0,193
53;74;10,19;23,3;13,3;6,68;6,68;0,185
53;74;10,19;23,3;14,5;6,27;6,27;0,159
53;74;10,19;23,3;15,7;5,63;5,63;0,175
53;74;10,19;23,3;16,9;5,28;5,28;0,162
53;74;10,19;23,3;18,1;4,62;4,62;0,155
53;74;10,19;23,3;19,3;4,23;4,23;0,152
53;74;10,19;23,3;20,5;3,5;3,5;0,134
53;74;10,19;23,3;21,7;2,83;2,83;0,099
53;74;10,19;23,3;22,9;0,92;0,92;0,07
53;75;20,05;31,1;0,1;21,49;21,49;1,188
53;75;20,05;31,1;0,7;20,56;20,56;0,927
53;75;20,05;31,1;1,3;20,05;20,05;0,805
53;75;20,05;31,1;2,5;18,46;18,46;0,697
53;75;20,05;31,1;3,7;18,4;18,4;0,659
53;75;20,05;31,1;4,9;18,14;18,14;0,682
53;75;20,05;31,1;6,1;17,89;17,89;0,691
53;75;20,05;31,1;7,3;17,67;17,67;0,715
53;75;20,05;31,1;8,5;16,9;16,9;0,396
53;75;20,05;31,1;9,7;16,55;16,55;0,642
53;75;20,05;31,1;10,9;16,01;16,01;0,459
53;75;20,05;31,1;12,1;15,18;15,18;0,412
53;75;20,05;31,1;13,3;14,42;14,42;0,375
53;75;20,05;31,1;14,5;13,69;13,69;0,354
53;75;20,05;31,1;15,7;13,24;13,24;0,375
53;75;20,05;31,1;16,9;12,7;12,7;0,359
53;75;20,05;31,1;18,1;11,62;11,62;0,381
53;75;20,05;31,1;19,3;11,01;11,01;0,393
53;75;20,05;31,1;20,5;10,15;10,15;0,34
53;75;20,05;31,1;21,7;9,87;9,87;0,343
53;75;20,05;31,1;22,9;8,85;8,85;0,35
53;75;20,05;31,1;24,1;7,7;7,7;0,299
53;75;20,05;31,1;25,3;7,16;7,16;0,336
53;75;20,05;31,1;26,5;6,11;6,11;0,313
53;75;20,05;31,1;27,7;4,68;4,68;0,316
53;75;20,05;31,1;28,9;3,5;3,5;0,22
53;75;20,05;31,1;30,1;1,59;1,59;0,111
53;75;20,05;31,1;30,5;1,02;1,02;0,093
53;76;17,54;29,77;0,1;19,74;19,74;0,948
53;76;17,54;29,77;0,7;18,14;18,14;0,725
53;76;17,54;29,77;1,3;17,54;17,54;0,589
53;76;17,54;29,77;2,5;17,19;17,19;0,612
53;76;17,54;29,77;3,7;16,87;16,87;0,595
53;76;17,54;29,77;4,9;16,62;16,62;0,591
53;76;17,54;29,77;6,1;16,49;16,49;0,459
53;76;17,54;29,77;7,3;16,14;16,14;0,449
53;76;17,54;29,77;8,5;15,44;15,44;0,421
53;76;17,54;29,77;9,7;15,28;15,28;0,341
53;76;17,54;29,77;10,9;14,32;14,32;0,329
53;76;17,54;29,77;12,1;13,75;13,75;0,376
53;76;17,54;29,77;13,3;13,53;13,53;0,386
53;76;17,54;29,77;14,5;13,15;13,15;0,359
53;76;17,54;29,77;15,7;11,84;11,84;0,401
53;76;17,54;29,77;16,9;11,46;11,46;0,342
53;76;17,54;29,77;18,1;11,3;11,3;0,318
53;76;17,54;29,77;19,3;10,25;10,25;0,361
53;76;17,54;29,77;20,5;9,14;9,14;0,36
53;76;17,54;29,77;21,7;7,93;7,93;0,335
53;76;17,54;29,77;22,9;6,78;6,78;0,301
53;76;17,54;29,77;24,1;6,14;6,14;0,339
53;76;17,54;29,77;25,3;4,93;4,93;0,317
53;76;17,54;29,77;26,5;3,18;3,18;0,214
53;76;17,54;29,77;27,7;2,42;2,42;0,111
53;76;17,54;29,77;28,9;1,11;1,11;0,091
53;77;17,98;30,3;0,1;20,44;20,44;1,266
53;77;17,98;30,3;0,7;18,62;18,62;1,121
53;77;17,98;30,3;1,3;17,98;17,98;0,889
53;77;17,98;30,3;2,5;17,35;17,35;0,684
53;77;17,98;30,3;3,7;17,03;17,03;0,654
53;77;17,98;30,3;4,9;16,55;16,55;0,638
53;77;17,98;30,3;6,1;16,39;16,39;0,578
53;77;17,98;30,3;7,3;15,92;15,92;0,372
53;77;17,98;30,3;8,5;15,85;15,85;0,456
53;77;17,98;30,3;9,7;15,37;15,37;0,396
53;77;17,98;30,3;10,9;14,48;14,48;0,403
53;77;17,98;30,3;12,1;13,85;13,85;0,345
53;77;17,98;30,3;13,3;13,43;13,43;0,357
53;77;17,98;30,3;14,5;12,51;12,51;0,358
53;77;17,98;30,3;15,7;12,41;12,41;0,333
53;77;17,98;30,3;16,9;12,1;12,1;0,3
53;77;17,98;30,3;18,1;11,01;11,01;0,303
53;77;17,98;30,3;19,3;10,12;10,12;0,343
53;77;17,98;30,3;20,5;9,55;9,55;0,349
53;77;17,98;30,3;21,7;8,82;8,82;0,317
53;77;17,98;30,3;22,9;8,44;8,44;0,306
53;77;17,98;30,3;24,1;7,48;7,48;0,302
53;77;17,98;30,3;25,3;6,27;6,27;0,334
53;77;17,98;30,3;26,5;5,25;5,25;0,25
53;77;17,98;30,3;27,7;3,98;3,98;0,217
53;77;17,98;30,3;28,9;2,67;2,67;0,17
53;77;17,98;30,3;29,9;0,99;0,99;0,08
53;78;12,92;24,52;0,1;14,48;14,48;0,688
53;78;12,92;24,52;0,7;13,27;13,27;0,546
53;78;12,92;24,52;1,3;12,92;12,92;0,486
53;78;12,92;24,52;2,5;12,57;12,57;0,349
53;78;12,92;24,52;3,7;12,13;12,13;0,39
53;78;12,92;24,52;4,9;12,03;12,03;0,264
53;78;12,92;24,52;6,1;11,46;11,46;0,239
53;78;12,92;24,52;7,3;10,89;10,89;0,265
53;78;12,92;24,52;8,5;10,47;10,47;0,244
53;78;12,92;24,52;9,7;10,03;10,03;0,239
53;78;12,92;24,52;10,9;9,33;9,33;0,213
53;78;12,92;24,52;12,1;8,79;8,79;0,226
53;78;12,92;24,52;13,3;8,44;8,44;0,226
53;78;12,92;24,52;14,5;7,83;7,83;0,186
53;78;12,92;24,52;15,7;7,23;7,23;0,206
53;78;12,92;24,52;16,9;6,59;6,59;0,177
53;78;12,92;24,52;18,1;5,95;5,95;0,194
53;78;12,92;24,52;19,3;5,25;5,25;0,202
53;78;12,92;24,52;20,5;5,03;5,03;0,184
53;78;12,92;24,52;21,7;3,69;3,69;0,165
53;78;12,92;24,52;22,9;2,86;2,86;0,161
53;78;12,92;24,52;24,1;1,02;1,02;0,08
53;79;15,44;27,55;0,1;18,78;18,78;0,799
53;79;15,44;27,55;0,7;15,82;15,82;0,62
53;79;15,44;27,55;1,3;15,44;15,44;0,65
53;79;15,44;27,55;2,5;14,96;14,96;0,659
53;79;15,44;27,55;3,7;14,39;14,39;0,586
53;79;15,44;27,55;4,9;13,91;13,91;0,54
53;79;15,44;27,55;6,1;13,62;13,62;0,545
53;79;15,44;27,55;7,3;13,11;13,11;0,492
53;79;15,44;27,55;8,5;12,57;12,57;0,536
53;79;15,44;27,55;9,7;12,32;12,32;0,457
53;79;15,44;27,55;10,9;11,55;11,55;0,359
53;79;15,44;27,55;12,1;11,2;11,2;0,36
53;79;15,44;27,55;13,3;10,41;10,41;0,427
53;79;15,44;27,55;14,5;10,19;10,19;0,405
53;79;15,44;27,55;15,7;9,68;9,68;0,34
53;79;15,44;27,55;16,9;8,85;8,85;0,36
53;79;15,44;27,55;18,1;8,09;8,09;0,295
53;79;15,44;27,55;19,3;7,54;7,54;0,34
53;79;15,44;27,55;20,5;7;7;0,286
53;79;15,44;27,55;21,7;6,21;6,21;0,303
53;79;15,44;27,55;22,9;5,41;5,41;0,303
53;79;15,44;27,55;24,1;4,52;4,52;0,19
53;79;15,44;27,55;25,3;3,02;3,02;0,163
53;79;15,44;27,55;26,5;1,91;1,91;0,121
53;79;15,44;27,55;27,1;1,05;1,05;0,093
53;80;16,23;29,15;0,1;18,62;18,62;0,921
53;80;16,23;29,15;0,7;16,93;16,93;0,613
53;80;16,23;29,15;1,3;16,23;16,23;0,644
53;80;16,23;29,15;2,5;15,88;15,88;0,605
53;80;16,23;29,15;3,7;15,44;15,44;0,527
53;80;16,23;29,15;4,9;15,12;15,12;0,517
53;80;16,23;29,15;6,1;14,74;14,74;0,497
53;80;16,23;29,15;7,3;14,42;14,42;0,429
53;80;16,23;29,15;8,5;14,26;14,26;0,475
53;80;16,23;29,15;9,7;13,5;13,5;0,499
53;80;16,23;29,15;10,9;13,34;13,34;0,466
53;80;16,23;29,15;12,1;12,61;12,61;0,354
53;80;16,23;29,15;13,3;11,87;11,87;0,397
53;80;16,23;29,15;14,5;11,33;11,33;0,328
53;80;16,23;29,15;15,7;10,6;10,6;0,327
53;80;16,23;29,15;16,9;10,35;10,35;0,339
53;80;16,23;29,15;18,1;9,87;9,87;0,276
53;80;16,23;29,15;19,3;9,14;9,14;0,319
53;80;16,23;29,15;20,5;8,21;8,21;0,294
53;80;16,23;29,15;21,7;7,38;7,38;0,24
53;80;16,23;29,15;22,9;6,84;6,84;0,297
53;80;16,23;29,15;24,1;6,53;6,53;0,292
53;80;16,23;29,15;25,3;5;5;0,291
53;80;16,23;29,15;26,5;3,82;3,82;0,209
53;80;16,23;29,15;27,7;2,74;2,74;0,171
53;80;16,23;29,15;28,7;1,02;1,02;0,062
53;81;10,95;22,73;0,1;15,12;15,12;0,667
53;81;10,95;22,73;0,7;11,78;11,78;0,428
53;81;10,95;22,73;1,3;10,95;10,95;0,36
53;81;10,95;22,73;2,5;10,57;10,57;0,319
53;81;10,95;22,73;3,7;10,25;10,25;0,309
53;81;10,95;22,73;4,9;10,09;10,09;0,309
53;81;10,95;22,73;6,1;9,8;9,8;0,299
53;81;10,95;22,73;7,3;9,55;9,55;0,319
53;81;10,95;22,73;8,5;9,39;9,39;0,36
53;81;10,95;22,73;9,7;8,5;8,5;0,236
53;81;10,95;22,73;10,9;8,15;8,15;0,264
53;81;10,95;22,73;12,1;7,64;7,64;0,203
53;81;10,95;22,73;13,3;7,1;7,1;0,23
53;81;10,95;22,73;14,5;6,72;6,72;0,271
53;81;10,95;22,73;15,7;6,08;6,08;0,196
53;81;10,95;22,73;16,9;5,47;5,47;0,223
53;81;10,95;22,73;18,1;4,93;4,93;0,219
53;81;10,95;22,73;19,3;4,3;4,3;0,192
53;81;10,95;22,73;20,5;3,18;3,18;0,172
53;81;10,95;22,73;21,7;1,81;1,81;0,13
53;81;10,95;22,73;22,11;0,89;0,89;0,076
53;82;12,35;23,57;0,1;14,16;14,16;0,767
53;82;12,35;23,57;0,7;12,57;12,57;0,586
53;82;12,35;23,57;1,3;12,35;12,35;0,485
53;82;12,35;23,57;2,5;11,75;11,75;0,397
53;82;12,35;23,57;3,7;11,36;11,36;0,409
53;82;12,35;23,57;4,9;10,98;10,98;0,364
53;82;12,35;23,57;6,1;10,6;10,6;0,354
53;82;12,35;23,57;7,3;10,28;10,28;0,365
53;82;12,35;23,57;8,5;9,77;9,77;0,283
53;82;12,35;23,57;9,7;9,17;9,17;0,262
53;82;12,35;23,57;10,9;8,44;8,44;0,281
53;82;12,35;23,57;12,1;8,05;8,05;0,254
53;82;12,35;23,57;13,3;7,8;7,8;0,265
53;82;12,35;23,57;14,5;7,23;7,23;0,269
53;82;12,35;23,57;15,7;6,62;6,62;0,263
53;82;12,35;23,57;16,9;5,86;5,86;0,206
53;82;12,35;23,57;18,1;5,16;5,16;0,263
53;82;12,35;23,57;19,3;4,71;4,71;0,257
53;82;12,35;23,57;20,5;3,98;3,98;0,139
53;82;12,35;23,57;21,7;3,02;3,02;0,107
53;82;12,35;23,57;22,9;1,02;1,02;0,084
53;83;13,37;25,88;0,1;14,48;14,48;0,648
53;83;13,37;25,88;0,7;13,69;13,69;0,446
53;83;13,37;25,88;1,3;13,37;13,37;0,451
53;83;13,37;25,88;2,5;12,57;12,57;0,377
53;83;13,37;25,88;3,7;12,22;12,22;0,354
53;83;13,37;25,88;4,9;12;12;0,432
53;83;13,37;25,88;6,1;11,62;11,62;0,429
53;83;13,37;25,88;7,3;11,46;11,46;0,313
53;83;13,37;25,88;8,5;11,08;11,08;0,349
53;83;13,37;25,88;9,7;10,47;10,47;0,321
53;83;13,37;25,88;10,9;9,87;9,87;0,276
53;83;13,37;25,88;12,1;9,55;9,55;0,291
53;83;13,37;25,88;13,3;8,91;8,91;0,263
53;83;13,37;25,88;14,5;8,37;8,37;0,269
53;83;13,37;25,88;15,7;7,73;7,73;0,289
53;83;13,37;25,88;16,9;7,23;7,23;0,268
53;83;13,37;25,88;18,1;6,75;6,75;0,311
53;83;13,37;25,88;19,3;6,05;6,05;0,252
53;83;13,37;25,88;20,5;5,41;5,41;0,237
53;83;13,37;25,88;21,7;4,55;4,55;0,262
53;83;13,37;25,88;22,9;3,76;3,76;0,205
53;83;13,37;25,88;24,1;2,71;2,71;0,162
53;83;13,37;25,88;25,3;0,95;0,95;0,081
